Unnamed: 0,course_title,course_organization,course_Certificate_type,course_rating,course_difficulty,course_students_enrolled,url
134,(ISC)² Systems Security Certified Practitioner (SSCP),(ISC)²,SPECIALIZATION,4.7,Beginner,5.3k,https://www.coursera.org/
743,A Crash Course in Causality:  Inferring Causal Effects from Observational Data,University of Pennsylvania,COURSE,4.7,Intermediate,17k,https://www.coursera.org/
874,A Crash Course in Data Science,Johns Hopkins University,COURSE,4.5,Mixed,130k,https://www.coursera.org/
413,A Law Student's Toolkit,Yale University,COURSE,4.7,Mixed,91k,https://www.coursera.org/
635,A Life of Happiness and Fulfillment,Indian School of Business,COURSE,4.8,Mixed,320k,https://www.coursera.org/
661,ADHD: Everyday Strategies for Elementary Students,University at Buffalo,COURSE,4.7,Beginner,39k,https://www.coursera.org/
54,AI For Everyone,deeplearning.ai,COURSE,4.8,Beginner,350k,https://www.coursera.org/
488,AI For Medical Treatment,deeplearning.ai,COURSE,4.8,Intermediate,2.4k,https://www.coursera.org/
58,AI Foundations for Everyone,IBM,SPECIALIZATION,4.7,Beginner,61k,https://www.coursera.org/
129,AI for Medical Diagnosis,deeplearning.ai,COURSE,4.7,Intermediate,12k,https://www.coursera.org/
283,AI for Medical Prognosis,deeplearning.ai,COURSE,4.6,Intermediate,4k,https://www.coursera.org/
35,AI for Medicine,deeplearning.ai,SPECIALIZATION,4.7,Intermediate,13k,https://www.coursera.org/
43,AWS Fundamentals,Amazon Web Services,SPECIALIZATION,4.6,Beginner,130k,https://www.coursera.org/
631,AWS Fundamentals: Addressing Security Risk,Amazon Web Services,COURSE,4.3,Beginner,11k,https://www.coursera.org/
861,AWS Fundamentals: Building Serverless Applications,Amazon Web Services,COURSE,4.7,Beginner,27k,https://www.coursera.org/
281,AWS Fundamentals: Going Cloud-Native,Amazon Web Services,COURSE,4.7,Beginner,110k,https://www.coursera.org/
828,AWS Fundamentals: Migrating to the Cloud,Amazon Web Services,COURSE,4.5,Intermediate,13k,https://www.coursera.org/
819,Aboriginal Worldviews and Education,University of Toronto,COURSE,4.7,Mixed,6.6k,https://www.coursera.org/
63,Academic English: Writing,"University of California, Irvine",SPECIALIZATION,4.7,Beginner,540k,https://www.coursera.org/
142,Accelerated Computer Science Fundamentals,University of Illinois at Urbana-Champaign,SPECIALIZATION,4.7,Intermediate,22k,https://www.coursera.org/
612,Access Controls,(ISC)²,COURSE,4.6,Beginner,2.9k,https://www.coursera.org/
604,Accounting Analytics,University of Pennsylvania,COURSE,4.5,Mixed,80k,https://www.coursera.org/
727,Accounting for Decision Making,University of Michigan,COURSE,4.8,Intermediate,9.9k,https://www.coursera.org/
51,Achieving Personal and Professional Success,University of Pennsylvania,SPECIALIZATION,4.7,Beginner,110k,https://www.coursera.org/
838,Actualización en el manejo del paciente con diabetes mellitus tipo 2,Universidad Nacional Autónoma de México,COURSE,4.8,Mixed,23k,https://www.coursera.org/
330,Addiction Treatment: Clinical Skills for Healthcare Providers,Yale University,COURSE,4.8,Beginner,9.2k,https://www.coursera.org/
247,Advanced Business Analytics,University of Colorado Boulder,SPECIALIZATION,4.5,Intermediate,78k,https://www.coursera.org/
157,Advanced Data Science with IBM,IBM,SPECIALIZATION,4.4,Advanced,320k,https://www.coursera.org/
103,Advanced Machine Learning,National Research University Higher School of Economics,SPECIALIZATION,4.5,Advanced,190k,https://www.coursera.org/
324,Advanced Machine Learning with TensorFlow on Google Cloud Platform,Google Cloud,SPECIALIZATION,4.5,Advanced,35k,https://www.coursera.org/
266,"Advanced Valuation and Strategy - M&A, Private Equity, and Venture Capital",Erasmus University Rotterdam,COURSE,4.7,Advanced,29k,https://www.coursera.org/
825,Advertising and Society,Duke University,COURSE,4.8,Mixed,14k,https://www.coursera.org/
853,Age of Cathedrals,Yale University,COURSE,4.7,Beginner,21k,https://www.coursera.org/
75,Agile Development,University of Virginia,SPECIALIZATION,4.7,Beginner,94k,https://www.coursera.org/
482,Agile Meets Design Thinking,University of Virginia,COURSE,4.7,Beginner,69k,https://www.coursera.org/
212,Agile with Atlassian Jira,Atlassian,COURSE,4.7,Beginner,40k,https://www.coursera.org/
846,Agile и Scrum в работе над проектами и продуктами,ScrumTrek,COURSE,4.9,Beginner,12k,https://www.coursera.org/
561,Algorithmic Toolbox,University of California San Diego,COURSE,4.7,Intermediate,220k,https://www.coursera.org/
78,Algorithms,Stanford University,SPECIALIZATION,4.8,Intermediate,150k,https://www.coursera.org/
242,Algorithms for Battery Management Systems,University of Colorado System,SPECIALIZATION,4.8,Intermediate,14k,https://www.coursera.org/
322,American Contract Law I,Yale University,COURSE,4.9,Beginner,18k,https://www.coursera.org/
159,An Introduction to American Law,University of Pennsylvania,COURSE,4.8,Beginner,23k,https://www.coursera.org/
265,An Introduction to Consumer Neuroscience & Neuromarketing,Copenhagen Business School,COURSE,4.7,Beginner,69k,https://www.coursera.org/
151,An Introduction to Programming the Internet of Things (IOT),"University of California, Irvine",SPECIALIZATION,4.6,Beginner,270k,https://www.coursera.org/
752,Analysing: Numeric and digital literacies,Macquarie University,SPECIALIZATION,4.6,Beginner,7.9k,https://www.coursera.org/
119,Anatomy,University of Michigan,SPECIALIZATION,4.8,Beginner,30k,https://www.coursera.org/
302,"Anatomy of the Chest, Abdomen, and Pelvis",Yale University,COURSE,4.8,Intermediate,36k,https://www.coursera.org/
508,Anatomy: Musculoskeletal and Integumentary Systems,University of Michigan,COURSE,4.8,Beginner,20k,https://www.coursera.org/
797,Ancient Philosophy: Aristotle and His Successors,University of Pennsylvania,COURSE,4.8,Mixed,8.1k,https://www.coursera.org/
390,Android App Development,Vanderbilt University,SPECIALIZATION,4.5,Beginner,120k,https://www.coursera.org/
201,Animal Behaviour and Welfare,The University of Edinburgh,COURSE,4.8,Mixed,71k,https://www.coursera.org/
663,Antibiotic Stewardship,Stanford University,COURSE,4.5,Advanced,11k,https://www.coursera.org/
514,Anticorrupción: Introducción a conceptos y perspectiva práctica,Universidad Nacional Autónoma de México,COURSE,4.8,Beginner,11k,https://www.coursera.org/
799,Antimicrobial resistance - theory and methods,Technical University of Denmark (DTU),COURSE,4.6,Intermediate,63k,https://www.coursera.org/
8,Applied Data Science,IBM,SPECIALIZATION,4.6,Beginner,220k,https://www.coursera.org/
637,Applied Data Science Capstone,IBM,COURSE,4.7,Intermediate,42k,https://www.coursera.org/
26,Applied Data Science with Python,University of Michigan,SPECIALIZATION,4.5,Intermediate,480k,https://www.coursera.org/
630,Applied Machine Learning in Python,University of Michigan,COURSE,4.6,Intermediate,150k,https://www.coursera.org/
491,"Applied Plotting, Charting & Data Representation in Python",University of Michigan,COURSE,4.6,Intermediate,97k,https://www.coursera.org/
888,Aprende a programar con Python,Universidad Austral,SPECIALIZATION,4.2,Beginner,6.6k,https://www.coursera.org/
512,Aprender,Universidad Nacional Autónoma de México,COURSE,4.8,Mixed,200k,https://www.coursera.org/
551,Aprendiendo a aprender: Poderosas herramientas mentales con las que podrás dominar temas difíciles (Learning How to Learn),University of California San Diego,COURSE,4.9,Beginner,180k,https://www.coursera.org/
437,Architecting with Google Cloud Platform 日本語版,Google Cloud,SPECIALIZATION,4.5,Intermediate,4.2k,https://www.coursera.org/
10,Architecting with Google Compute Engine,Google Cloud,SPECIALIZATION,4.7,Intermediate,310k,https://www.coursera.org/
573,Architecting with Google Kubernetes Engine 日本語版,Google Cloud,SPECIALIZATION,4.5,Beginner,3.9k,https://www.coursera.org/
56,Arizona State University TESOL,Arizona State University,PROFESSIONAL CERTIFICATE,4.9,Beginner,150k,https://www.coursera.org/
479,Art & Activity: Interactive Strategies for Engaging with Art,The Museum of Modern Art,COURSE,4.8,Mixed,79k,https://www.coursera.org/
452,Art & Ideas: Teaching with Themes,The Museum of Modern Art,COURSE,4.8,Mixed,31k,https://www.coursera.org/
651,Arts and Culture Strategy,National Arts Strategies,COURSE,4.6,Mixed,15k,https://www.coursera.org/
326,Arts and Heritage Management,Università Bocconi,COURSE,4.8,Mixed,15k,https://www.coursera.org/
877,Aspectos básicos de la planificación y la gestión de proyectos,University of Virginia,COURSE,4.9,Beginner,10k,https://www.coursera.org/
753,Astrobiology and the Search for Extraterrestrial Life,The University of Edinburgh,COURSE,4.7,Mixed,66k,https://www.coursera.org/
782,Atención Primaria en Salud: El desafío de las Enfermedades no Transmisibles,Pontificia Universidad Católica de Chile,COURSE,4.8,Intermediate,33k,https://www.coursera.org/
210,Autism Spectrum Disorder,"University of California, Davis",COURSE,4.6,Mixed,56k,https://www.coursera.org/
885,Autodesk CAD/CAM for Manufacturing,Autodesk,SPECIALIZATION,4.8,Intermediate,7.3k,https://www.coursera.org/
468,Autodesk CAD/CAM/CAE for Mechanical Engineering,Autodesk,SPECIALIZATION,4.8,Intermediate,9.2k,https://www.coursera.org/
702,Autodesk Certified Professional: AutoCAD for Design and Drafting Exam Prep,Autodesk,COURSE,4.7,Advanced,22k,https://www.coursera.org/
590,Autodesk Certified Professional: Revit for Architectural Design Exam Prep,Autodesk,COURSE,4.7,Advanced,9.7k,https://www.coursera.org/
816,BIM Fundamentals for Engineers,National Taiwan University,COURSE,4.6,Beginner,13k,https://www.coursera.org/
642,Basic Statistics,University of Amsterdam,COURSE,4.6,Beginner,180k,https://www.coursera.org/
493,Bayesian Statistics: From Concept to Data Analysis,"University of California, Santa Cruz",COURSE,4.8,Intermediate,91k,https://www.coursera.org/
602,Bayesian Statistics: Techniques and Models,"University of California, Santa Cruz",COURSE,4.8,Intermediate,29k,https://www.coursera.org/
106,Become a CBRS Certified Professional Installer by Google,Google - Spectrum Sharing,COURSE,4.9,Mixed,210k,https://www.coursera.org/
294,Become a Journalist: Report the News!,Michigan State University,SPECIALIZATION,4.7,Beginner,28k,https://www.coursera.org/
809,Become a Sustainable Business Change Agent,University of Colorado System,SPECIALIZATION,4.7,Intermediate,4.2k,https://www.coursera.org/
776,Becoming a Sports Agent,Case Western Reserve University,COURSE,4.7,Beginner,6.5k,https://www.coursera.org/
672,Becoming a changemaker: Introduction to Social Innovation,University of Cape Town,COURSE,4.8,Beginner,61k,https://www.coursera.org/
269,Behavioral Finance,Duke University,COURSE,4.4,Mixed,55k,https://www.coursera.org/
456,Beyond the Sustainable Development Goals (SDGs): Addressing Sustainability and Development,University of Michigan,COURSE,4.6,Mixed,2.3k,https://www.coursera.org/
498,Big Data – Introducción al uso práctico de datos masivos,Universitat Autònoma de Barcelona,SPECIALIZATION,4.5,Beginner,8.8k,https://www.coursera.org/
687,Biohacking Your Brain's Health,Emory University,COURSE,4.6,Beginner,35k,https://www.coursera.org/
565,Biology Meets Programming: Bioinformatics for Beginners,University of California San Diego,COURSE,4.4,Beginner,88k,https://www.coursera.org/
131,Biostatistics in Public Health,Johns Hopkins University,SPECIALIZATION,4.8,Beginner,14k,https://www.coursera.org/
751,Blended Language Learning: Design and Practice for Teachers,University of Colorado Boulder,COURSE,4.8,Intermediate,1.9k,https://www.coursera.org/
251,Blockchain,University at Buffalo,SPECIALIZATION,4.6,Intermediate,68k,https://www.coursera.org/
143,Blockchain Revolution,INSEAD,SPECIALIZATION,4.7,Beginner,21k,https://www.coursera.org/
462,Blockchain Revolution in Financial Services,INSEAD,SPECIALIZATION,4.6,Beginner,1.6k,https://www.coursera.org/
719,Blockchain: Foundations and Use Cases,ConsenSys Academy,COURSE,4.7,Beginner,31k,https://www.coursera.org/
645,Boosting Creativity for Innovation,HEC Paris,COURSE,4.9,Beginner,9.5k,https://www.coursera.org/
72,"Brand Management: Aligning Business, Brand and Behaviour",London Business School,COURSE,4.9,Beginner,57k,https://www.coursera.org/
238,Branding: The Creative Journey,IE Business School,SPECIALIZATION,4.6,Beginner,26k,https://www.coursera.org/
486,Budgeting and Scheduling Projects,"University of California, Irvine",COURSE,4.7,Mixed,84k,https://www.coursera.org/
688,Bugs 101: Insect-Human Interactions,University of Alberta,COURSE,4.9,Beginner,15k,https://www.coursera.org/
395,Build a Modern Computer from First Principles: From Nand to Tetris (Project-Centered Course),Hebrew University of Jerusalem,COURSE,4.9,Mixed,95k,https://www.coursera.org/
653,Building Batch Data Pipelines on GCP,Google Cloud,COURSE,4.5,Intermediate,7.3k,https://www.coursera.org/
670,Building Conversational Experiences with Dialogflow,Google Cloud,COURSE,4.5,Beginner,22k,https://www.coursera.org/
884,Building Resilient Streaming Analytics Systems on GCP,Google Cloud,COURSE,4.6,Intermediate,5.8k,https://www.coursera.org/
610,Building Scalable Java Microservices with Spring Boot and Spring Cloud,Google Cloud,COURSE,4.3,Intermediate,24k,https://www.coursera.org/
824,Building Your Leadership Skills,HEC Paris,COURSE,4.5,Mixed,67k,https://www.coursera.org/
17,Business Analytics,University of Pennsylvania,SPECIALIZATION,4.6,Beginner,280k,https://www.coursera.org/
611,Business English,Arizona State University,SPECIALIZATION,4.7,Intermediate,38k,https://www.coursera.org/
168,Business English Communication Skills,University of Washington,SPECIALIZATION,4.7,Intermediate,120k,https://www.coursera.org/
738,Business English: Networking,University of Washington,COURSE,4.7,Intermediate,77k,https://www.coursera.org/
7,Business Foundations,University of Pennsylvania,SPECIALIZATION,4.7,Beginner,510k,https://www.coursera.org/
410,Business Model Innovation,HEC Paris,COURSE,4.7,Mixed,13k,https://www.coursera.org/
96,Business Statistics and Analysis,Rice University,SPECIALIZATION,4.7,Beginner,110k,https://www.coursera.org/
126,Business Strategies for A Better World,University of Pennsylvania,SPECIALIZATION,4.7,Beginner,24k,https://www.coursera.org/
104,Business Strategy,University of Virginia,SPECIALIZATION,4.7,Beginner,89k,https://www.coursera.org/
233,Business Technology Management,Indian School of Business,SPECIALIZATION,4.5,Beginner,67k,https://www.coursera.org/
478,Business Transformation with Google Cloud,Google Cloud,COURSE,4.7,Beginner,10k,https://www.coursera.org/
539,Business Writing,University of Colorado Boulder,COURSE,4.8,Beginner,48k,https://www.coursera.org/
23,Business and Financial Modeling,University of Pennsylvania,SPECIALIZATION,4.5,Beginner,160k,https://www.coursera.org/
662,C for Everyone: Programming Fundamentals,"University of California, Santa Cruz",COURSE,4.5,Beginner,31k,https://www.coursera.org/
222,C# Programming for Unity Game Development,University of Colorado System,SPECIALIZATION,4.7,Beginner,36k,https://www.coursera.org/
21,COVID-19 Contact Tracing,Johns Hopkins University,COURSE,4.9,Beginner,220k,https://www.coursera.org/
450,COVID-19: What You Need to Know (CME Eligible),Osmosis,COURSE,4.8,Beginner,32k,https://www.coursera.org/
525,"Cameras, Exposure, and Photography",Michigan State University,COURSE,4.7,Mixed,130k,https://www.coursera.org/
107,Camino a la Excelencia en Gestión de Proyectos,Pontificia Universidad Católica de Chile,COURSE,4.7,Beginner,340k,https://www.coursera.org/
536,"Capstone: Retrieving, Processing, and Visualizing Data with Python",University of Michigan,COURSE,4.6,Mixed,82k,https://www.coursera.org/
44,Career Success,"University of California, Irvine",SPECIALIZATION,4.4,Beginner,790k,https://www.coursera.org/
736,Challenging Forensic Science: How Science Should Speak to Court,University of Lausanne,COURSE,4.8,Beginner,31k,https://www.coursera.org/
718,Chemicals and Health,Johns Hopkins University,COURSE,4.7,Beginner,23k,https://www.coursera.org/
726,Chicken Behaviour and Welfare,The University of Edinburgh,COURSE,4.7,Mixed,19k,https://www.coursera.org/
161,Child Nutrition and Cooking,Stanford University,COURSE,4.7,Beginner,30k,https://www.coursera.org/
737,Chinese for HSK 1,Peking University,COURSE,4.8,Beginner,22k,https://www.coursera.org/
95,Cisco Networking Basics,Cisco,SPECIALIZATION,4.7,Beginner,57k,https://www.coursera.org/
848,Classical Sociological Theory,University of Amsterdam,COURSE,4.8,Mixed,51k,https://www.coursera.org/
197,Claves de la Dirección de Empresas,IESE Business School,SPECIALIZATION,4.8,Beginner,51k,https://www.coursera.org/
457,Climate Change and Health: From Science to Action,Yale University,SPECIALIZATION,4.6,Beginner,4.8k,https://www.coursera.org/
275,Clinical Terminology for International and U.S. Students,University of Pittsburgh,COURSE,4.8,Beginner,32k,https://www.coursera.org/
349,Cloud Computing,University of Illinois at Urbana-Champaign,SPECIALIZATION,4.4,Intermediate,110k,https://www.coursera.org/
777,Cloud Computing Basics (Cloud 101),LearnQuest,COURSE,4.5,Beginner,37k,https://www.coursera.org/
9,Cloud Engineering with Google Cloud,Google Cloud,PROFESSIONAL CERTIFICATE,4.7,Intermediate,310k,https://www.coursera.org/
276,Coaching Skills for Managers,"University of California, Davis",SPECIALIZATION,4.7,Intermediate,37k,https://www.coursera.org/
655,Code Yourself! An Introduction to Programming,The University of Edinburgh,COURSE,4.7,Beginner,120k,https://www.coursera.org/
709,Communication Skills for Engineers,Rice University,SPECIALIZATION,4.7,Beginner,15k,https://www.coursera.org/
305,Communication Strategies for a Virtual Age,University of Toronto,COURSE,4.8,Beginner,43k,https://www.coursera.org/
890,Compassionate Leadership Through Service Learning with Jane Goodall and Roots & Shoots,University of Colorado Boulder,COURSE,4.9,Beginner,6.4k,https://www.coursera.org/
406,"Competencias digitales. Herramientas de ofimática (Microsoft Word, Excel, Power Point)",Universitat Autònoma de Barcelona,COURSE,4.7,Beginner,43k,https://www.coursera.org/
474,Competitive Strategy and Organization Design,Ludwig-Maximilians-Universität München (LMU),SPECIALIZATION,4.7,Intermediate,350k,https://www.coursera.org/
391,Computational Social Science,"University of California, Davis",SPECIALIZATION,4.6,Beginner,5.8k,https://www.coursera.org/
221,Computational Thinking for Problem Solving,University of Pennsylvania,COURSE,4.8,Beginner,33k,https://www.coursera.org/
621,Computer Security and Systems Management,University of Colorado System,SPECIALIZATION,4.6,Beginner,27k,https://www.coursera.org/
439,Conflict Management,"University of California, Irvine",SPECIALIZATION,4.3,Beginner,66k,https://www.coursera.org/
728,Construction Cost Estimating and Cost Control,Columbia University,COURSE,4.7,Beginner,19k,https://www.coursera.org/
48,Construction Management,Columbia University,SPECIALIZATION,4.7,Beginner,61k,https://www.coursera.org/
290,Construction Project Management,Columbia University,COURSE,4.8,Beginner,43k,https://www.coursera.org/
794,Construction Scheduling,Columbia University,COURSE,4.8,Beginner,15k,https://www.coursera.org/
300,Contabilidad para no contadores,Universidad Nacional Autónoma de México,COURSE,4.7,Beginner,220k,https://www.coursera.org/
273,Content Strategy for Professionals,Northwestern University,SPECIALIZATION,4.5,Beginner,27k,https://www.coursera.org/
448,Continuous Delivery & DevOps,University of Virginia,COURSE,4.6,Beginner,26k,https://www.coursera.org/
815,Control of Mobile Robots,Georgia Institute of Technology,COURSE,4.8,Mixed,49k,https://www.coursera.org/
207,Convolutional Neural Networks,deeplearning.ai,COURSE,4.9,Intermediate,240k,https://www.coursera.org/
358,Convolutional Neural Networks in TensorFlow,deeplearning.ai,COURSE,4.7,Intermediate,46k,https://www.coursera.org/
725,Corporate & Commercial Law I: Contracts & Employment Law,University of Illinois at Urbana-Champaign,COURSE,4.8,Intermediate,10k,https://www.coursera.org/
458,Corporate Finance Essentials,IESE Business School,COURSE,4.8,Mixed,56k,https://www.coursera.org/
714,Corporate Strategy,UCL School of Management,COURSE,4.8,Beginner,7.8k,https://www.coursera.org/
301,Corporate Sustainability. Understanding and Seizing the Strategic Opportunity,Università Bocconi,COURSE,4.6,Mixed,10k,https://www.coursera.org/
691,"Corrección, estilo y  variaciones de la lengua española",Universitat Autònoma de Barcelona,COURSE,4.6,Beginner,75k,https://www.coursera.org/
854,Cost and Economics in Pricing Strategy,University of Virginia,COURSE,4.8,Beginner,15k,https://www.coursera.org/
544,Costos para los Negocios,Universidad de Chile,COURSE,4.8,Intermediate,43k,https://www.coursera.org/
179,Crash Course on Python,Google,COURSE,4.8,Beginner,81k,https://www.coursera.org/
463,Creative Problem Solving,University of Minnesota,COURSE,4.3,Mixed,140k,https://www.coursera.org/
59,Creative Writing,Wesleyan University,SPECIALIZATION,4.6,Beginner,140k,https://www.coursera.org/
371,Creative Writing: The Craft of Plot,Wesleyan University,COURSE,4.7,Mixed,120k,https://www.coursera.org/
793,"Creatividad, diseño e innovación: Técnicas y herramientas",Arizona State University,SPECIALIZATION,4.7,Beginner,150k,https://www.coursera.org/
678,Cuidado de heridas en el ámbito hospitalario,Universidad Nacional Autónoma de México,COURSE,4.8,Intermediate,26k,https://www.coursera.org/
730,Cuidados y procedimientos generales en la atención del recién nacido,Universidad de Chile,COURSE,4.8,Intermediate,22k,https://www.coursera.org/
248,Culture-Driven Team Building,University of Pennsylvania,SPECIALIZATION,4.6,Beginner,17k,https://www.coursera.org/
820,Curanderismo: Traditional Healing Using Plants,University of New Mexico,COURSE,4.6,Beginner,5.5k,https://www.coursera.org/
566,Customer Segmentation and Prospecting,Northwestern University,COURSE,4.7,Beginner,18k,https://www.coursera.org/
372,Cybersecurity,"University of Maryland, College Park",SPECIALIZATION,4.5,Intermediate,99k,https://www.coursera.org/
821,Cybersecurity and Its Ten Domains,University System of Georgia,COURSE,4.2,Beginner,140k,https://www.coursera.org/
497,Cybersecurity for Business,University of Colorado System,SPECIALIZATION,4.6,Beginner,23k,https://www.coursera.org/
800,Cómo hablar bien en público,Universitat Autònoma de Barcelona,COURSE,4.8,Beginner,55k,https://www.coursera.org/
764,Dairy Production and Management,The Pennsylvania State University,COURSE,4.8,Mixed,23k,https://www.coursera.org/
812,Data Analysis and Interpretation,Wesleyan University,SPECIALIZATION,4.4,Beginner,100k,https://www.coursera.org/
39,Data Analysis and Presentation Skills: the PwC Approach,PwC,SPECIALIZATION,4.6,Beginner,220k,https://www.coursera.org/
277,Data Analysis with Python,IBM,COURSE,4.7,Beginner,110k,https://www.coursera.org/
605,Data Analytics for Lean Six Sigma,University of Amsterdam,COURSE,4.8,Beginner,24k,https://www.coursera.org/
783,Data Collection and Processing with Python,University of Michigan,COURSE,4.7,Intermediate,19k,https://www.coursera.org/
679,Data Engineering on Google Cloud Platform 日本語版,Google Cloud,SPECIALIZATION,4.4,Intermediate,3k,https://www.coursera.org/
22,Data Engineering with Google Cloud,Google Cloud,PROFESSIONAL CERTIFICATE,4.6,Intermediate,120k,https://www.coursera.org/
24,"Data Engineering, Big Data, and Machine Learning on GCP",Google Cloud,SPECIALIZATION,4.6,Intermediate,120k,https://www.coursera.org/
383,Data Management for Clinical Research,Vanderbilt University,COURSE,4.7,Beginner,42k,https://www.coursera.org/
434,Data Mining,University of Illinois at Urbana-Champaign,SPECIALIZATION,4.4,Intermediate,140k,https://www.coursera.org/
13,Data Science,Johns Hopkins University,SPECIALIZATION,4.5,Beginner,830k,https://www.coursera.org/
399,Data Science Math Skills,Duke University,COURSE,4.5,Beginner,140k,https://www.coursera.org/
198,Data Science Methodology,IBM,COURSE,4.6,Beginner,89k,https://www.coursera.org/
15,Data Science: Foundations using R,Johns Hopkins University,SPECIALIZATION,4.6,Beginner,740k,https://www.coursera.org/
148,Data Science: Statistics and Machine Learning,Johns Hopkins University,SPECIALIZATION,4.4,Intermediate,210k,https://www.coursera.org/
686,Data Visualization and Communication with Tableau,Duke University,COURSE,4.7,Mixed,130k,https://www.coursera.org/
804,Data Visualization with Advanced Excel,PwC,COURSE,4.8,Beginner,60k,https://www.coursera.org/
420,Data Visualization with Python,IBM,COURSE,4.6,Intermediate,66k,https://www.coursera.org/
70,Data Visualization with Tableau,"University of California, Davis",SPECIALIZATION,4.5,Beginner,96k,https://www.coursera.org/
288,Data Warehousing for Business Intelligence,University of Colorado System,SPECIALIZATION,4.5,Advanced,140k,https://www.coursera.org/
871,Data and Health Indicators in Public Health Practice,Johns Hopkins University,COURSE,4.7,Beginner,18k,https://www.coursera.org/
376,Data-driven Decision Making,PwC,COURSE,4.6,Beginner,120k,https://www.coursera.org/
263,Databases and SQL for Data Science,IBM,COURSE,4.7,Beginner,110k,https://www.coursera.org/
519,De-Mystifying Mindfulness,Universiteit Leiden,COURSE,4.8,Beginner,150k,https://www.coursera.org/
813,Decision-Making and Scenarios,University of Pennsylvania,COURSE,4.6,Mixed,31k,https://www.coursera.org/
5,Deep Learning,deeplearning.ai,SPECIALIZATION,4.8,Intermediate,690k,https://www.coursera.org/
599,Democracia y decisiones públicas. Introducción al análisis de políticas públicas,Universitat Autònoma de Barcelona,COURSE,4.8,Beginner,44k,https://www.coursera.org/
806,Dentistry 101,University of Michigan,COURSE,4.7,Beginner,4.5k,https://www.coursera.org/
627,Dermatology: Trip to skin,Novosibirsk State University ,COURSE,4.4,Beginner,8.2k,https://www.coursera.org/
100,Design Thinking for Innovation,University of Virginia,COURSE,4.6,Beginner,240k,https://www.coursera.org/
674,Design Thinking for the Greater Good: Innovation in the Social Sector,University of Virginia,COURSE,4.6,Beginner,17k,https://www.coursera.org/
139,Design and Interpretation of Clinical Trials,Johns Hopkins University,COURSE,4.7,Mixed,67k,https://www.coursera.org/
522,Design and Make Infographics (Project-Centered Course),Michigan State University,COURSE,4.7,Mixed,97k,https://www.coursera.org/
430,Design-Led Strategy: Design thinking for business strategy and entrepreneurship,The University of Sydney,COURSE,4.6,Intermediate,19k,https://www.coursera.org/
338,Developing APIs with Google Cloud's Apigee API Platform,Google Cloud,SPECIALIZATION,4.6,Intermediate,16k,https://www.coursera.org/
18,Developing Applications with Google Cloud Platform,Google Cloud,SPECIALIZATION,4.7,Intermediate,300k,https://www.coursera.org/
644,Developing Applications with Google Cloud Platform 日本語版,Google Cloud,SPECIALIZATION,4.8,Intermediate,4k,https://www.coursera.org/
720,Developing Industrial Internet of Things,University of Colorado Boulder,SPECIALIZATION,4.6,Intermediate,8k,https://www.coursera.org/
756,Developing Your Musicianship,Berklee College of Music,COURSE,4.8,Mixed,41k,https://www.coursera.org/
205,Developing Your Musicianship,Berklee College of Music,SPECIALIZATION,4.8,Beginner,54k,https://www.coursera.org/
397,Devenir entrepreneur du changement,Ticket for Change,COURSE,4.7,Mixed,54k,https://www.coursera.org/
239,Digital Advertising Strategy,University of Colorado Boulder,SPECIALIZATION,4.4,Beginner,9k,https://www.coursera.org/
855,Digital Business Models,Lund University,COURSE,4.5,Beginner,21k,https://www.coursera.org/
237,Digital Manufacturing & Design Technology,University at Buffalo,SPECIALIZATION,4.6,Beginner,37k,https://www.coursera.org/
28,Digital Marketing,University of Illinois at Urbana-Champaign,SPECIALIZATION,4.6,Beginner,380k,https://www.coursera.org/
852,Digital Media and Marketing Strategies,University of Illinois at Urbana-Champaign,COURSE,4.4,Mixed,57k,https://www.coursera.org/
53,Digital Product Management,University of Virginia,SPECIALIZATION,4.7,Beginner,140k,https://www.coursera.org/
381,Digital Product Management: Modern Fundamentals,University of Virginia,COURSE,4.7,Beginner,58k,https://www.coursera.org/
490,Dino 101: Dinosaur Paleobiology,University of Alberta,COURSE,4.5,Beginner,35k,https://www.coursera.org/
697,Discrete Optimization,The University of Melbourne,COURSE,4.9,Intermediate,40k,https://www.coursera.org/
675,Diseño Instruccional: Aprendizaje activo y Pedagogía digital,Tecnológico de Monterrey,SPECIALIZATION,4.6,Beginner,4k,https://www.coursera.org/
711,Diseño y Creación de un Emprendimiento Social,Pontificia Universidad Católica de Chile,COURSE,4.9,Beginner,21k,https://www.coursera.org/
378,"Divide and Conquer, Sorting and Searching, and Randomized Algorithms",Stanford University,COURSE,4.8,Intermediate,130k,https://www.coursera.org/
392,Dog Emotion and Cognition,Duke University,COURSE,4.6,Mixed,150k,https://www.coursera.org/
624,Driving business towards the Sustainable Development Goals,Erasmus University Rotterdam,COURSE,4.8,Beginner,5.6k,https://www.coursera.org/
487,Drug Commercialization,University of California San Diego,COURSE,4.7,Beginner,17k,https://www.coursera.org/
342,Drug Discovery,University of California San Diego,COURSE,4.6,Beginner,39k,https://www.coursera.org/
166,Dynamic Public Speaking,University of Washington,SPECIALIZATION,4.7,Beginner,110k,https://www.coursera.org/
832,EMT Foundations,University of Colorado System,COURSE,4.8,Beginner,7.1k,https://www.coursera.org/
494,Ecology: Ecosystem Dynamics and Conservation,American Museum of Natural History,COURSE,4.8,Intermediate,18k,https://www.coursera.org/
641,Econometrics: Methods and Applications,Erasmus University Rotterdam,COURSE,4.7,Mixed,110k,https://www.coursera.org/
229,Economics of Money and Banking,Columbia University,COURSE,4.9,Mixed,83k,https://www.coursera.org/
707,Ecosystem Services: a Method for Sustainable Development,University of Geneva,COURSE,4.7,Intermediate,16k,https://www.coursera.org/
773,Effective Compliance Programs,University of Pennsylvania,COURSE,4.9,Mixed,3.4k,https://www.coursera.org/
636,Egiptología (Egyptology),Universitat Autònoma de Barcelona,COURSE,4.9,Beginner,46k,https://www.coursera.org/
789,El Abogado del Futuro: Legaltech y la Transformación Digital del Derecho,Universidad Austral,COURSE,5.0,Beginner,1.5k,https://www.coursera.org/
564,Elastic Google Cloud Infrastructure: Scaling and Automation,Google Cloud,COURSE,4.7,Intermediate,57k,https://www.coursera.org/
870,Electric Industry Operations and Markets,Duke University,COURSE,4.8,Beginner,12k,https://www.coursera.org/
122,Electronic Music Production,Berklee College of Music,SPECIALIZATION,4.8,Intermediate,110k,https://www.coursera.org/
733,Emerging Technologies: From Smartphones to IoT to Big Data,Yonsei University,SPECIALIZATION,4.6,Beginner,17k,https://www.coursera.org/
267,"Energy Production, Distribution & Safety",University at Buffalo,SPECIALIZATION,4.7,Beginner,37k,https://www.coursera.org/
461,Engineering Health: Introduction to Yoga and Physiology,New York University,COURSE,4.8,Beginner,14k,https://www.coursera.org/
560,Engineering Project Management: Initiating and Planning,Rice University,COURSE,4.7,Beginner,23k,https://www.coursera.org/
613,English Composition I,Duke University,COURSE,4.6,Beginner,200k,https://www.coursera.org/
225,English for Business and Entrepreneurship,University of Pennsylvania,COURSE,4.8,Beginner,230k,https://www.coursera.org/
175,English for Career Development,University of Pennsylvania,COURSE,4.8,Mixed,760k,https://www.coursera.org/
303,English for Journalism,University of Pennsylvania,COURSE,4.8,Mixed,130k,https://www.coursera.org/
547,English for Research Publication Purposes,Moscow Institute of Physics and Technology,SPECIALIZATION,4.6,Intermediate,42k,https://www.coursera.org/
598,"English for Science, Technology, Engineering, and Mathematics",University of Pennsylvania,COURSE,4.8,Beginner,110k,https://www.coursera.org/
770,Enterprise Architecture,Peter the Great St. Petersburg Polytechnic University,COURSE,4.4,Beginner,2.4k,https://www.coursera.org/
292,Entrepreneurial Finance: Strategy and Innovation,Duke University,SPECIALIZATION,4.5,Intermediate,7.9k,https://www.coursera.org/
33,Entrepreneurship,University of Pennsylvania,SPECIALIZATION,4.8,Beginner,110k,https://www.coursera.org/
246,Entrepreneurship 1: Developing the Opportunity,University of Pennsylvania,COURSE,4.8,Mixed,86k,https://www.coursera.org/
496,Entrepreneurship 2: Launching your Start-Up,University of Pennsylvania,COURSE,4.8,Mixed,38k,https://www.coursera.org/
704,Entrepreneurship 3: Growth Strategies,University of Pennsylvania,COURSE,4.7,Beginner,31k,https://www.coursera.org/
623,Entrepreneurship Strategy: From Ideation to Exit,HEC Paris,COURSE,4.8,Beginner,20k,https://www.coursera.org/
502,Entrepreneurship: Launching an Innovative Business,"University of Maryland, College Park",SPECIALIZATION,4.6,Beginner,69k,https://www.coursera.org/
527,Epidemics - the Dynamics of Infectious Diseases,The Pennsylvania State University,COURSE,4.8,Mixed,45k,https://www.coursera.org/
570,"Epidemics, Pandemics and Outbreaks",University of Pittsburgh,COURSE,4.7,Mixed,23k,https://www.coursera.org/
426,Epidemiology for Public Health,Imperial College London,SPECIALIZATION,4.7,Beginner,6.4k,https://www.coursera.org/
60,Epidemiology in Public Health Practice,Johns Hopkins University,SPECIALIZATION,4.7,Beginner,31k,https://www.coursera.org/
351,Epidemiology: The Basic Science of Public Health,The University of North Carolina at Chapel Hill,COURSE,4.6,Mixed,130k,https://www.coursera.org/
708,Epigenetic Control of Gene Expression,The University of Melbourne,COURSE,4.8,Mixed,35k,https://www.coursera.org/
444,Equine Welfare and Management,"University of California, Davis",COURSE,4.8,Beginner,7.2k,https://www.coursera.org/
693,Esports,"University of California, Irvine",SPECIALIZATION,4.5,Beginner,1.8k,https://www.coursera.org/
454,Essential Epidemiologic Tools for Public Health Practice,Johns Hopkins University,COURSE,4.7,Beginner,14k,https://www.coursera.org/
446,Essential Google Cloud Infrastructure: Core Services,Google Cloud,COURSE,4.7,Intermediate,68k,https://www.coursera.org/
347,Essential Google Cloud Infrastructure: Foundation,Google Cloud,COURSE,4.7,Intermediate,83k,https://www.coursera.org/
314,Essentials in Clinical Simulations Across the Health Professions,The George Washington University,COURSE,4.8,Intermediate,4.1k,https://www.coursera.org/
436,Essentials of Corporate Finance,The University of Melbourne,SPECIALIZATION,4.6,Intermediate,54k,https://www.coursera.org/
319,Essentials of Global Health,Yale University,COURSE,4.8,Mixed,31k,https://www.coursera.org/
847,Estadística y probabilidad,Universidad Nacional Autónoma de México,COURSE,4.7,Beginner,27k,https://www.coursera.org/
881,Evaluación educativa,Universidad Nacional Autónoma de México,SPECIALIZATION,4.8,Beginner,13k,https://www.coursera.org/
256,"Everyday Excel, Part 1",University of Colorado Boulder,COURSE,4.8,Beginner,11k,https://www.coursera.org/
278,Everyday Parenting: The ABCs of Child Rearing,Yale University,COURSE,4.9,Beginner,86k,https://www.coursera.org/
11,Excel Skills for Business,Macquarie University,SPECIALIZATION,4.9,Beginner,240k,https://www.coursera.org/
591,Excel Skills for Business: Advanced,Macquarie University,COURSE,4.7,Intermediate,39k,https://www.coursera.org/
92,Excel Skills for Business: Essentials,Macquarie University,COURSE,4.9,Beginner,200k,https://www.coursera.org/
218,Excel Skills for Business: Intermediate I,Macquarie University,COURSE,4.9,Intermediate,76k,https://www.coursera.org/
419,Excel Skills for Business: Intermediate II,Macquarie University,COURSE,4.8,Intermediate,39k,https://www.coursera.org/
38,Excel to MySQL: Analytic Techniques for Business,Duke University,SPECIALIZATION,4.6,Beginner,490k,https://www.coursera.org/
124,Excel/VBA for Creative Problem Solving,University of Colorado Boulder,SPECIALIZATION,4.8,Beginner,56k,https://www.coursera.org/
418,"Excel/VBA for Creative Problem Solving, Part 1",University of Colorado Boulder,COURSE,4.8,Beginner,54k,https://www.coursera.org/
137,Executive Data Science,Johns Hopkins University,SPECIALIZATION,4.5,Beginner,170k,https://www.coursera.org/
880,Explorando la Energía Sustentable,Pontificia Universidad Católica de Chile,COURSE,4.8,Beginner,28k,https://www.coursera.org/
99,Fashion as Design,The Museum of Modern Art,COURSE,4.8,Beginner,180k,https://www.coursera.org/
509,Feminism and Social Justice,"University of California, Santa Cruz",COURSE,4.8,Beginner,18k,https://www.coursera.org/
442,FinTech Law and Policy,Duke University,COURSE,4.8,Beginner,9.7k,https://www.coursera.org/
531,FinTech: Finance Industry Transformation and Regulation,The Hong Kong University of Science and Technology,SPECIALIZATION,4.6,Beginner,13k,https://www.coursera.org/
453,"FinTech: Foundations, Payments, and Regulations",University of Pennsylvania,COURSE,4.7,Beginner,12k,https://www.coursera.org/
16,Finance & Quantitative Modeling for Analysts,University of Pennsylvania,SPECIALIZATION,4.5,Beginner,260k,https://www.coursera.org/
257,Finance for Non-Finance Professionals,Rice University,COURSE,4.8,Beginner,69k,https://www.coursera.org/
778,Finance for Non-Financial Managers,Emory University,COURSE,4.4,Intermediate,12k,https://www.coursera.org/
85,Financial Accounting Fundamentals,University of Virginia,COURSE,4.8,Beginner,65k,https://www.coursera.org/
396,Financial Acumen for Non-Financial Managers,University of Pennsylvania,COURSE,4.5,Beginner,10k,https://www.coursera.org/
158,Financial Engineering and Risk Management Part I,Columbia University,COURSE,4.6,Mixed,100k,https://www.coursera.org/
149,Financial Management,University of Illinois at Urbana-Champaign,SPECIALIZATION,4.7,Intermediate,76k,https://www.coursera.org/
14,Financial Markets,Yale University,COURSE,4.8,Beginner,470k,https://www.coursera.org/
259,Financial Markets and Investment Strategy,Indian School of Business,SPECIALIZATION,4.5,Beginner,60k,https://www.coursera.org/
682,Financial Reporting,University of Illinois at Urbana-Champaign,SPECIALIZATION,4.8,Intermediate,12k,https://www.coursera.org/
356,Financial Technology (Fintech) Innovations,University of Michigan,SPECIALIZATION,4.7,Beginner,6.5k,https://www.coursera.org/
382,Financing and Investing in Infrastructure,Università Bocconi,COURSE,4.8,Mixed,24k,https://www.coursera.org/
366,Finanzas corporativas,Universidad Nacional Autónoma de México,SPECIALIZATION,4.6,Intermediate,30k,https://www.coursera.org/
552,Finanzas personales,Universidad Nacional Autónoma de México,COURSE,4.8,Mixed,310k,https://www.coursera.org/
109,Finding Purpose and Meaning In Life: Living for What Matters Most,University of Michigan,COURSE,4.7,Beginner,36k,https://www.coursera.org/
66,Fintech: Foundations & Applications of Financial Technology,University of Pennsylvania,SPECIALIZATION,4.6,Beginner,20k,https://www.coursera.org/
113,First Step Korean,Yonsei University,COURSE,4.9,Beginner,400k,https://www.coursera.org/
102,Food & Beverage Management,Università Bocconi,COURSE,4.8,Mixed,57k,https://www.coursera.org/
174,Forensic Accounting and Fraud Examination,West Virginia University,COURSE,4.7,Mixed,42k,https://www.coursera.org/
851,Formulación y evaluación de proyectos complejos,Universidad de los Andes,COURSE,4.9,Intermediate,4.4k,https://www.coursera.org/
337,Foundational Finance for Strategic Decision Making,University of Michigan,SPECIALIZATION,4.8,Beginner,14k,https://www.coursera.org/
721,Foundations of Business Strategy,University of Virginia,COURSE,4.8,Beginner,63k,https://www.coursera.org/
775,Foundations of Everyday Leadership,University of Illinois at Urbana-Champaign,COURSE,4.8,Mixed,62k,https://www.coursera.org/
313,Foundations of Global Health,Johns Hopkins University,SPECIALIZATION,4.7,Beginner,31k,https://www.coursera.org/
209,Foundations of Management,IESE Business School,SPECIALIZATION,4.8,Beginner,64k,https://www.coursera.org/
569,Foundations of Marketing Analytics,Emory University,SPECIALIZATION,4.2,Intermediate,27k,https://www.coursera.org/
32,Foundations of Positive Psychology,University of Pennsylvania,SPECIALIZATION,4.8,Beginner,89k,https://www.coursera.org/
521,Foundations of Public Health Practice,Imperial College London,SPECIALIZATION,4.8,Beginner,3.2k,https://www.coursera.org/
203,From Data to Insights with Google Cloud Platform,Google Cloud,SPECIALIZATION,4.6,Beginner,26k,https://www.coursera.org/
698,From the Big Bang to Dark Energy,The University of Tokyo,COURSE,4.8,Beginner,52k,https://www.coursera.org/
863,Front-End Web Development with React,The Hong Kong University of Science and Technology,COURSE,4.7,Intermediate,45k,https://www.coursera.org/
501,Front-End Web UI Frameworks and Tools: Bootstrap 4,The Hong Kong University of Science and Technology,COURSE,4.8,Intermediate,89k,https://www.coursera.org/
108,Full Stack Web and Multiplatform Mobile App Development,The Hong Kong University of Science and Technology,SPECIALIZATION,4.7,Intermediate,150k,https://www.coursera.org/
89,Full-Stack Web Development with React,The Hong Kong University of Science and Technology,SPECIALIZATION,4.7,Intermediate,140k,https://www.coursera.org/
790,Functional Programming Principles in Scala,École Polytechnique Fédérale de Lausanne,COURSE,4.8,Intermediate,170k,https://www.coursera.org/
150,Functional Programming in Scala,École Polytechnique Fédérale de Lausanne,SPECIALIZATION,4.7,Intermediate,220k,https://www.coursera.org/
441,Fundamental Neuroscience for Neuroimaging,Johns Hopkins University,COURSE,4.6,Beginner,30k,https://www.coursera.org/
295,Fundamentals of Accounting,University of Illinois at Urbana-Champaign,SPECIALIZATION,4.6,Beginner,39k,https://www.coursera.org/
164,Fundamentals of Computing,Rice University,SPECIALIZATION,4.8,Beginner,200k,https://www.coursera.org/
581,Fundamentals of Engineering Exam Review,Georgia Institute of Technology,COURSE,4.7,Mixed,49k,https://www.coursera.org/
425,Fundamentals of GIS,"University of California, Davis",COURSE,4.8,Beginner,86k,https://www.coursera.org/
162,Fundamentals of Graphic Design,California Institute of the Arts,COURSE,4.8,Beginner,290k,https://www.coursera.org/
130,Fundamentals of Immunology,Rice University,SPECIALIZATION,4.7,Intermediate,20k,https://www.coursera.org/
415,Fundamentals of Immunology: Innate Immunity and B-Cell Function,Rice University,COURSE,4.7,Intermediate,18k,https://www.coursera.org/
633,Fundamentals of Music Theory,The University of Edinburgh,COURSE,4.6,Beginner,180k,https://www.coursera.org/
77,Fundamentals of Project Planning and Management,University of Virginia,COURSE,4.7,Beginner,120k,https://www.coursera.org/
165,Fundamentals of Quantitative Modeling,University of Pennsylvania,COURSE,4.6,Mixed,110k,https://www.coursera.org/
475,Fundamentals of Reinforcement Learning,University of Alberta,COURSE,4.8,Intermediate,22k,https://www.coursera.org/
520,Fundamentals of Visualization with Tableau,"University of California, Davis",COURSE,4.5,Beginner,81k,https://www.coursera.org/
742,Fundamentos Empresariales,University of Pennsylvania,SPECIALIZATION,4.6,Beginner,25k,https://www.coursera.org/
857,Fundamentos Estratégicos Empresariales,Universidad Nacional Autónoma de México,SPECIALIZATION,4.6,Beginner,56k,https://www.coursera.org/
724,Fundamentos de Excel para Negocios,Universidad Austral,COURSE,4.7,Beginner,150k,https://www.coursera.org/
388,Fundamentos de Finanzas Empresariales,Universidad de los Andes,COURSE,4.8,Beginner,110k,https://www.coursera.org/
705,Fundamentos de la escritura,Tecnológico de Monterrey,COURSE,4.6,Beginner,47k,https://www.coursera.org/
370,Fundraising and Development,"University of California, Davis",SPECIALIZATION,4.6,Beginner,4.9k,https://www.coursera.org/
145,Futures Thinking,Institute for the Future,SPECIALIZATION,4.8,Beginner,9.4k,https://www.coursera.org/
115,G Suite Administration,Google Cloud,SPECIALIZATION,4.7,Beginner,10k,https://www.coursera.org/
286,"GIS, Mapping, and Spatial Analysis",University of Toronto,SPECIALIZATION,4.8,Beginner,140k,https://www.coursera.org/
206,Game Design and Development,Michigan State University,SPECIALIZATION,4.7,Intermediate,100k,https://www.coursera.org/
141,Game Theory,Stanford University,COURSE,4.6,Beginner,260k,https://www.coursera.org/
268,Gamification,University of Pennsylvania,COURSE,4.8,Mixed,110k,https://www.coursera.org/
802,Gender and Sexuality: Diversity and Inclusion in the Workplace,University of Pittsburgh,COURSE,4.7,Beginner,14k,https://www.coursera.org/
76,Genomic Data Science,Johns Hopkins University,SPECIALIZATION,4.4,Intermediate,80k,https://www.coursera.org/
79,Geographic Information Systems  (GIS),"University of California, Davis",SPECIALIZATION,4.8,Beginner,97k,https://www.coursera.org/
694,Geopolitics of Europe,Sciences Po,COURSE,4.3,Mixed,19k,https://www.coursera.org/
567,Geopolítica y gobernanza global: riesgos y oportunidades,ESADE Business and Law School,COURSE,4.8,Mixed,34k,https://www.coursera.org/
650,Gestión de organizaciones efectivas,Pontificia Universidad Católica de Chile,COURSE,4.7,Mixed,47k,https://www.coursera.org/
540,Get Interactive: Practical Teaching with Technology,Bloomsbury Learning Exchange,COURSE,4.7,Beginner,14k,https://www.coursera.org/
681,Getting Started With Music Theory,Michigan State University,COURSE,4.5,Beginner,59k,https://www.coursera.org/
568,Getting Started with AWS Machine Learning,Amazon Web Services,COURSE,4.5,Intermediate,73k,https://www.coursera.org/
734,Getting Started with Go,"University of California, Irvine",COURSE,4.6,Intermediate,59k,https://www.coursera.org/
422,Getting Started with Google Kubernetes Engine,Google Cloud,COURSE,4.5,Intermediate,75k,https://www.coursera.org/
411,Getting Started with Google Sheets,Google Cloud,COURSE,4.6,Beginner,18k,https://www.coursera.org/
538,Getting Started with SAS Programming,SAS,COURSE,4.9,Beginner,22k,https://www.coursera.org/
192,Global Diplomacy – Diplomacy in the Modern World,SOAS University of London,COURSE,4.6,Mixed,79k,https://www.coursera.org/
400,Global Diplomacy: the United Nations in the World,SOAS University of London,COURSE,4.7,Beginner,29k,https://www.coursera.org/
643,Global Energy and Climate Policy,SOAS University of London,COURSE,4.5,Beginner,10k,https://www.coursera.org/
578,Global Environmental Management,Technical University of Denmark (DTU),COURSE,4.6,Intermediate,22k,https://www.coursera.org/
835,Global Financial Markets and Instruments,Rice University,COURSE,4.6,Mixed,37k,https://www.coursera.org/
761,Global Financing Solutions  (by EDHEC and Société Générale),EDHEC Business School,COURSE,4.6,Intermediate,3.6k,https://www.coursera.org/
740,Global Trends for Business and Society,University of Pennsylvania,COURSE,4.8,Mixed,7.6k,https://www.coursera.org/
717,"Globalization, Economic Growth and Stability",IE Business School,SPECIALIZATION,4.8,Intermediate,44k,https://www.coursera.org/
355,Good with Words: Writing and Editing,University of Michigan,SPECIALIZATION,4.6,Beginner,3.8k,https://www.coursera.org/
227,Google Cloud Platform Big Data and Machine Learning Fundamentals,Google Cloud,COURSE,4.6,Intermediate,120k,https://www.coursera.org/
849,Google Cloud Platform Fundamentals for AWS Professionals,Google Cloud,COURSE,4.7,Intermediate,36k,https://www.coursera.org/
25,Google IT Automation with Python,Google,PROFESSIONAL CERTIFICATE,4.7,Beginner,93k,https://www.coursera.org/
4,Google IT Support,Google,PROFESSIONAL CERTIFICATE,4.8,Beginner,350k,https://www.coursera.org/
385,Grammar and Punctuation,"University of California, Irvine",COURSE,4.7,Mixed,430k,https://www.coursera.org/
513,Graphic Design Elements for Non-Designers,University of Colorado Boulder,SPECIALIZATION,4.7,Beginner,10k,https://www.coursera.org/
287,Greek and Roman Mythology,University of Pennsylvania,COURSE,4.8,Mixed,260k,https://www.coursera.org/
369,Greening the Economy: Sustainable Cities,Lund University,COURSE,4.6,Beginner,56k,https://www.coursera.org/
757,Guitar for Beginners,Berklee College of Music,COURSE,4.8,Mixed,210k,https://www.coursera.org/
710,Gut Check: Exploring Your Microbiome,University of California San Diego,COURSE,4.7,Mixed,62k,https://www.coursera.org/
329,"HTML, CSS, and Javascript for Web Developers",Johns Hopkins University,COURSE,4.8,Mixed,240k,https://www.coursera.org/
231,Habilidades Gerenciales,Universidad Nacional Autónoma de México,SPECIALIZATION,4.7,Beginner,43k,https://www.coursera.org/
785,Hacia una práctica constructivista en el aula,Pontificia Universidad Católica de Chile,COURSE,4.8,Mixed,62k,https://www.coursera.org/
803,Hardware Description Languages for FPGA Design,University of Colorado Boulder,COURSE,4.2,Intermediate,7.4k,https://www.coursera.org/
429,Healing with the Arts,University of Florida,COURSE,4.6,Mixed,39k,https://www.coursera.org/
244,Health Informatics,Johns Hopkins University,SPECIALIZATION,4.5,Beginner,8.1k,https://www.coursera.org/
739,Health Information Literacy for Data Analytics,"University of California, Davis",SPECIALIZATION,4.5,Intermediate,5.4k,https://www.coursera.org/
373,Healthcare Law,University of Pennsylvania,SPECIALIZATION,4.7,Intermediate,1.7k,https://www.coursera.org/
423,Healthcare Marketplace,University of Minnesota,SPECIALIZATION,4.4,Beginner,36k,https://www.coursera.org/
596,Healthcare Organization Operations,Rutgers the State University of New Jersey,SPECIALIZATION,4.6,Beginner,5.5k,https://www.coursera.org/
845,"High Performance Collaboration: Leadership, Teamwork, and Negotiation",Northwestern University,COURSE,4.8,Mixed,46k,https://www.coursera.org/
700,Homeland Security and Cybersecurity,University of Colorado System,SPECIALIZATION,4.7,Beginner,5.5k,https://www.coursera.org/
177,"Hotel Management: Distribution, Revenue and Demand Management",ESSEC Business School,SPECIALIZATION,4.6,Beginner,28k,https://www.coursera.org/
554,How Things Work: An Introduction to Physics,University of Virginia,COURSE,4.8,Intermediate,170k,https://www.coursera.org/
767,How To Create a Website in a Weekend! (Project-Centered Course),The State University of New York,COURSE,3.3,Mixed,140k,https://www.coursera.org/
609,How to Start Your Own Business,Michigan State University,SPECIALIZATION,4.1,Beginner,34k,https://www.coursera.org/
52,Human Resource Management: HR for People Managers,University of Minnesota,SPECIALIZATION,4.7,Beginner,98k,https://www.coursera.org/
34,IBM AI Engineering,IBM,PROFESSIONAL CERTIFICATE,4.6,Intermediate,140k,https://www.coursera.org/
571,IBM AI Enterprise Workflow,IBM,SPECIALIZATION,4.4,Advanced,3.5k,https://www.coursera.org/
12,IBM Applied AI,IBM,PROFESSIONAL CERTIFICATE,4.6,Beginner,220k,https://www.coursera.org/
408,IBM Customer Engagement Specialist Professional Certificate,IBM,COURSE,4.8,Beginner,3.3k,https://www.coursera.org/
0,IBM Data Science,IBM,PROFESSIONAL CERTIFICATE,4.6,Beginner,480k,https://www.coursera.org/
98,IT Fundamentals for Cybersecurity,IBM,SPECIALIZATION,4.5,Beginner,35k,https://www.coursera.org/
476,IT Security: Defense against the digital dark arts,Google,COURSE,4.8,Beginner,62k,https://www.coursera.org/
856,"Identifying, Monitoring, and Analyzing Risk and Incident Response and Recovery",(ISC)²,COURSE,4.9,Beginner,1.7k,https://www.coursera.org/
562,Implementación del Marketing Mix,IE Business School,SPECIALIZATION,4.7,Beginner,23k,https://www.coursera.org/
640,Implementing RPA with Cognitive Automation and Analytics,Automation Anywhere,SPECIALIZATION,4.6,Beginner,2.2k,https://www.coursera.org/
36,Improve Your English Communication Skills,Georgia Institute of Technology,SPECIALIZATION,4.7,Beginner,610k,https://www.coursera.org/
123,"Improving Deep Neural Networks: Hyperparameter tuning, Regularization and Optimization",deeplearning.ai,COURSE,4.9,Beginner,270k,https://www.coursera.org/
748,Improving Leadership & Governance in Nonprofit Organizations,Luther College at the University of Regina,SPECIALIZATION,4.4,Beginner,18k,https://www.coursera.org/
318,In the Studio: Postwar Abstract Painting,The Museum of Modern Art,COURSE,4.9,Beginner,79k,https://www.coursera.org/
110,Indigenous Canada,University of Alberta,COURSE,4.8,Mixed,51k,https://www.coursera.org/
572,Industrial IoT on Google Cloud Platform,Google Cloud,COURSE,4.5,Beginner,34k,https://www.coursera.org/
401,Infectious Disease Modelling,Imperial College London,SPECIALIZATION,5.0,Intermediate,1.6k,https://www.coursera.org/
805,Influencer Marketing Strategy,Rutgers the State University of New Jersey,COURSE,4.4,Intermediate,12k,https://www.coursera.org/
224,"Influencing: Storytelling, Change Management and Governance",Macquarie University,SPECIALIZATION,4.8,Beginner,22k,https://www.coursera.org/
549,Information Security: Context and Introduction,"Royal Holloway, University of London",COURSE,4.6,Beginner,32k,https://www.coursera.org/
537,Information Visualization,New York University,SPECIALIZATION,4.6,Beginner,10k,https://www.coursera.org/
485,Information​ ​Systems,University of Minnesota,SPECIALIZATION,4.7,Beginner,16k,https://www.coursera.org/
169,Initiating and Planning Projects,"University of California, Irvine",COURSE,4.7,Mixed,180k,https://www.coursera.org/
365,Innovation Management,Erasmus University Rotterdam,COURSE,4.6,Beginner,40k,https://www.coursera.org/
747,"Innovation Through Design: Think, Make, Break, Repeat",The University of Sydney,COURSE,4.8,Beginner,10k,https://www.coursera.org/
673,Innovation: From Creativity to Entrepreneurship,University of Illinois at Urbana-Champaign,SPECIALIZATION,4.8,Beginner,25k,https://www.coursera.org/
219,Inspirational Leadership: Leading with Sense,HEC Paris,SPECIALIZATION,4.5,Beginner,72k,https://www.coursera.org/
184,Inspired Leadership,Case Western Reserve University,SPECIALIZATION,4.7,Intermediate,97k,https://www.coursera.org/
443,Inspiring and Motivating Individuals,University of Michigan,COURSE,4.8,Mixed,85k,https://www.coursera.org/
345,Instructional Design Foundations and Applications,University of Illinois at Urbana-Champaign,COURSE,4.2,Mixed,12k,https://www.coursera.org/
837,Instructional Methods in Health Professions Education,University of Michigan,COURSE,4.6,Intermediate,9.7k,https://www.coursera.org/
171,Integrative Health and Medicine,University of Minnesota,SPECIALIZATION,4.8,Beginner,14k,https://www.coursera.org/
120,Intellectual Property Law,University of Pennsylvania,SPECIALIZATION,4.8,Intermediate,8.7k,https://www.coursera.org/
128,Interaction Design,University of California San Diego,SPECIALIZATION,4.5,Intermediate,150k,https://www.coursera.org/
762,Intercultural Management,ESCP Business School,COURSE,4.6,Beginner,6.5k,https://www.coursera.org/
451,International Business Essentials,University of London,SPECIALIZATION,4.5,Intermediate,22k,https://www.coursera.org/
701,International Cyber Conflicts,The State University of New York,COURSE,4.4,Mixed,25k,https://www.coursera.org/
404,International Humanitarian Law in Theory and Practice,Kalshoven-Gieskes Forum,COURSE,4.8,Beginner,22k,https://www.coursera.org/
579,International Law in Action: A Guide to the International Courts and Tribunals in The Hague,Universiteit Leiden,COURSE,4.8,Mixed,36k,https://www.coursera.org/
280,International Law in Action: the Arbitration of International Disputes,Universiteit Leiden,COURSE,4.8,Mixed,19k,https://www.coursera.org/
228,International Leadership and Organizational Behavior,Università Bocconi,COURSE,4.8,Mixed,41k,https://www.coursera.org/
615,International Marketing & Cross Industry Growth,Yonsei University,SPECIALIZATION,4.6,Beginner,26k,https://www.coursera.org/
346,International Organizations Management,University of Geneva,COURSE,4.8,Beginner,20k,https://www.coursera.org/
447,International Security Management,Erasmus University Rotterdam,COURSE,4.5,Beginner,2.2k,https://www.coursera.org/
193,International Women's Health and Human Rights,Stanford University,COURSE,4.9,Beginner,35k,https://www.coursera.org/
593,International migrations: a global issue,Sciences Po,COURSE,4.6,Beginner,11k,https://www.coursera.org/
667,Internet Connection: How to Get Online?,Cisco,COURSE,4.7,Beginner,36k,https://www.coursera.org/
834,Internet Giants: The Law and Economics of Media Platforms,The University of Chicago,COURSE,4.8,Mixed,38k,https://www.coursera.org/
582,Interviewing and Resume Writing in English,"University of Maryland, College Park",SPECIALIZATION,4.6,Intermediate,66k,https://www.coursera.org/
495,Introducción a Data Science: Programación Estadística con R,Universidad Nacional Autónoma de México,COURSE,4.7,Beginner,140k,https://www.coursera.org/
327,Introducción a la programación en Python I: Aprendiendo a programar con Python,Pontificia Universidad Católica de Chile,COURSE,4.4,Beginner,100k,https://www.coursera.org/
844,Introduction aux Droits de l’Homme,University of Geneva,COURSE,4.8,Mixed,46k,https://www.coursera.org/
830,Introduction to Ableton Live,Berklee College of Music,COURSE,4.8,Mixed,60k,https://www.coursera.org/
427,Introduction to Artificial Intelligence (AI),IBM,COURSE,4.7,Beginner,44k,https://www.coursera.org/
862,Introduction to Big Data,University of California San Diego,COURSE,4.6,Mixed,160k,https://www.coursera.org/
608,Introduction to Blockchain Technologies,INSEAD,COURSE,4.7,Beginner,16k,https://www.coursera.org/
620,Introduction to Breast Cancer,Yale University,COURSE,4.9,Mixed,27k,https://www.coursera.org/
713,Introduction to Business Analytics: Communicating with Data,University of Illinois at Urbana-Champaign,COURSE,4.7,Intermediate,14k,https://www.coursera.org/
664,Introduction to CSS3,University of Michigan,COURSE,4.8,Mixed,84k,https://www.coursera.org/
412,Introduction to Calculus,The University of Sydney,COURSE,4.8,Intermediate,53k,https://www.coursera.org/
879,Introduction to Chemistry:  Reactions and Ratios,Duke University,COURSE,4.8,Beginner,46k,https://www.coursera.org/
421,Introduction to Classical Music,Yale University,COURSE,4.9,Mixed,150k,https://www.coursera.org/
594,Introduction to Cloud Computing,IBM,COURSE,4.6,Beginner,2.6k,https://www.coursera.org/
780,Introduction to Computer Programming,"Goldsmiths, University of London",COURSE,4.3,Beginner,20k,https://www.coursera.org/
254,Introduction to Computer Science and Programming,"Goldsmiths, University of London",SPECIALIZATION,4.3,Beginner,32k,https://www.coursera.org/
336,Introduction to Corporate Finance,University of Pennsylvania,COURSE,4.6,Mixed,130k,https://www.coursera.org/
723,Introduction to Cyber Attacks,New York University,COURSE,4.7,Beginner,27k,https://www.coursera.org/
183,Introduction to Cyber Security,New York University,SPECIALIZATION,4.7,Beginner,32k,https://www.coursera.org/
469,Introduction to Cybersecurity Tools & Cyber Attacks,IBM,COURSE,4.5,Beginner,30k,https://www.coursera.org/
548,Introduction to Data Analysis Using Excel,Rice University,COURSE,4.7,Mixed,99k,https://www.coursera.org/
1,Introduction to Data Science,IBM,SPECIALIZATION,4.6,Beginner,310k,https://www.coursera.org/
187,Introduction to Data Science in Python,University of Michigan,COURSE,4.5,Intermediate,390k,https://www.coursera.org/
253,Introduction to Dental Medicine,University of Pennsylvania,COURSE,4.8,Beginner,25k,https://www.coursera.org/
196,Introduction to Discrete Mathematics for Computer Science,National Research University Higher School of Economics,SPECIALIZATION,4.4,Beginner,75k,https://www.coursera.org/
745,Introduction to Electronics,Georgia Institute of Technology,COURSE,4.7,Mixed,110k,https://www.coursera.org/
649,Introduction to Embedded Systems Software and Development Environments,University of Colorado Boulder,COURSE,4.5,Intermediate,41k,https://www.coursera.org/
628,Introduction to Engineering Mechanics,Georgia Institute of Technology,COURSE,4.7,Mixed,150k,https://www.coursera.org/
511,Introduction to Environmental Law and Policy,The University of North Carolina at Chapel Hill,COURSE,4.8,Mixed,34k,https://www.coursera.org/
204,Introduction to Financial Accounting,University of Pennsylvania,COURSE,4.7,Mixed,200k,https://www.coursera.org/
377,Introduction to Forensic Science,"Nanyang Technological University, Singapore",COURSE,4.9,Mixed,47k,https://www.coursera.org/
850,Introduction to Game Development,Michigan State University,COURSE,4.8,Mixed,79k,https://www.coursera.org/
499,Introduction to Genetics and Evolution,Duke University,COURSE,4.8,Mixed,74k,https://www.coursera.org/
878,Introduction to Genomic Technologies,Johns Hopkins University,COURSE,4.6,Mixed,42k,https://www.coursera.org/
307,Introduction to HTML5,University of Michigan,COURSE,4.7,Mixed,220k,https://www.coursera.org/
774,Introduction to Imagemaking,California Institute of the Arts,COURSE,4.5,Beginner,54k,https://www.coursera.org/
689,Introduction to Intellectual Property,University of Pennsylvania,COURSE,4.8,Beginner,6k,https://www.coursera.org/
417,Introduction to International Criminal Law,Case Western Reserve University,COURSE,4.8,Mixed,82k,https://www.coursera.org/
136,Introduction to Marketing,University of Pennsylvania,COURSE,4.8,Mixed,220k,https://www.coursera.org/
340,Introduction to Mathematical Thinking,Stanford University,COURSE,4.8,Intermediate,270k,https://www.coursera.org/
533,Introduction to Operations Management,University of Pennsylvania,COURSE,4.5,Mixed,87k,https://www.coursera.org/
542,Introduction to Personal Branding,University of Virginia,COURSE,4.4,Beginner,140k,https://www.coursera.org/
235,Introduction to Philosophy,The University of Edinburgh,COURSE,4.6,Mixed,370k,https://www.coursera.org/
617,Introduction to Portfolio Construction and Analysis with Python,EDHEC Business School,COURSE,4.8,Mixed,11k,https://www.coursera.org/
473,Introduction to Probability and Data,Duke University,COURSE,4.7,Beginner,160k,https://www.coursera.org/
190,Introduction to Programming in C,Duke University,SPECIALIZATION,4.7,Beginner,82k,https://www.coursera.org/
308,Introduction to Programming with MATLAB,Vanderbilt University,COURSE,4.8,Beginner,270k,https://www.coursera.org/
29,Introduction to Psychology,Yale University,COURSE,4.9,Beginner,270k,https://www.coursera.org/
293,Introduction to Scripting in Python,Rice University,SPECIALIZATION,4.7,Beginner,49k,https://www.coursera.org/
729,Introduction to Self-Driving Cars,University of Toronto,COURSE,4.8,Advanced,39k,https://www.coursera.org/
339,Introduction to Spreadsheets and Models,University of Pennsylvania,COURSE,4.2,Mixed,76k,https://www.coursera.org/
766,Introduction to Statistics & Data Analysis in Public Health,Imperial College London,COURSE,4.7,Beginner,12k,https://www.coursera.org/
312,Introduction to Sustainability,University of Illinois at Urbana-Champaign,COURSE,4.8,Mixed,69k,https://www.coursera.org/
250,Introduction to Systematic Review and Meta-Analysis,Johns Hopkins University,COURSE,4.8,Mixed,67k,https://www.coursera.org/
758,Introduction to Systems Engineering,UNSW Sydney (The University of New South Wales),COURSE,4.7,Mixed,33k,https://www.coursera.org/
230,"Introduction to TensorFlow for Artificial Intelligence, Machine Learning, and Deep Learning",deeplearning.ai,COURSE,4.7,Intermediate,150k,https://www.coursera.org/
735,Introduction to Thermodynamics: Transferring Energy from Here to There,University of Michigan,COURSE,4.8,Beginner,4.1k,https://www.coursera.org/
659,"Introduction to Trading, Machine Learning & GCP",New York Institute of Finance,COURSE,4.0,Intermediate,13k,https://www.coursera.org/
557,Introduction to Typography,California Institute of the Arts,COURSE,4.8,Beginner,72k,https://www.coursera.org/
428,Introduction to User Experience Design,Georgia Institute of Technology,COURSE,4.5,Beginner,87k,https://www.coursera.org/
744,Introduction to User Experience Principles and Processes,University of Michigan,COURSE,4.8,Beginner,16k,https://www.coursera.org/
625,Introduction to Web Development,"University of California, Davis",COURSE,4.7,Beginner,76k,https://www.coursera.org/
194,Introduction to the Biology of Cancer,Johns Hopkins University,COURSE,4.8,Beginner,110k,https://www.coursera.org/
270,Introductory Human Physiology,Duke University,COURSE,4.7,Mixed,270k,https://www.coursera.org/
741,Introdução aos Princípios e Práticas da Gestão De Projetos,Universidade de São Paulo,SPECIALIZATION,4.9,Beginner,4.5k,https://www.coursera.org/
866,Introdução à Ciência da Computação com Python Parte 1,Universidade de São Paulo,COURSE,4.9,Beginner,120k,https://www.coursera.org/
80,Investment Management,University of Geneva,SPECIALIZATION,4.7,Beginner,99k,https://www.coursera.org/
147,Investment Management with Python and Machine Learning,EDHEC Business School,SPECIALIZATION,4.6,Beginner,14k,https://www.coursera.org/
195,Investment and Portfolio Management,Rice University,SPECIALIZATION,4.5,Beginner,49k,https://www.coursera.org/
639,Japanese for beginners 1,Saint Petersburg State University,COURSE,4.6,Beginner,4.4k,https://www.coursera.org/
45,Java Programming and Software Engineering Fundamentals,Duke University,SPECIALIZATION,4.6,Beginner,380k,https://www.coursera.org/
518,Java Programming: Solving Problems with Software,Duke University,COURSE,4.6,Beginner,160k,https://www.coursera.org/
586,Julia Scientific Programming,University of Cape Town,COURSE,4.5,Beginner,22k,https://www.coursera.org/
546,Kotlin for Java Developers,JetBrains,COURSE,4.7,Intermediate,37k,https://www.coursera.org/
516,L'excellence opérationnelle en pratique,ESSEC Business School,COURSE,4.7,Beginner,8k,https://www.coursera.org/
750,"L'impact investing, la finance qui change le monde",ESSEC Business School,SPECIALIZATION,4.6,Beginner,6.3k,https://www.coursera.org/
654,Leadership Development for Engineers,Rice University,SPECIALIZATION,4.7,Beginner,17k,https://www.coursera.org/
577,Leadership in 21st Century Organizations,Copenhagen Business School,COURSE,4.7,Mixed,34k,https://www.coursera.org/
656,Leading Healthcare Quality and Safety,The George Washington University,COURSE,4.8,Beginner,16k,https://www.coursera.org/
61,Leading People and Teams,University of Michigan,SPECIALIZATION,4.7,Beginner,220k,https://www.coursera.org/
755,"Leading for Equity, Diversity and Inclusion in Higher Education",University of Michigan,COURSE,4.7,Intermediate,5.9k,https://www.coursera.org/
433,Leading: Human Resource Management and Leadership,Macquarie University,SPECIALIZATION,4.8,Intermediate,16k,https://www.coursera.org/
155,Learn Chinese: HSK Test Preparation,Peking University,SPECIALIZATION,4.8,Beginner,43k,https://www.coursera.org/
786,Learn English,Tsinghua University,SPECIALIZATION,4.3,Beginner,22k,https://www.coursera.org/
394,Learn English: Advanced Academic Speaking and Listening,"University of California, Irvine",SPECIALIZATION,4.5,Intermediate,78k,https://www.coursera.org/
271,Learn English: Advanced Grammar and Punctuation,"University of California, Irvine",SPECIALIZATION,4.8,Advanced,52k,https://www.coursera.org/
172,Learn English: Intermediate Grammar,"University of California, Irvine",SPECIALIZATION,4.7,Intermediate,120k,https://www.coursera.org/
360,Learn Mandarin Chinese,Shanghai Jiao Tong University,SPECIALIZATION,4.8,Beginner,39k,https://www.coursera.org/
74,Learn SQL Basics for Data Science,"University of California, Davis",SPECIALIZATION,4.6,Beginner,160k,https://www.coursera.org/
112,Learn Spanish: Basic Spanish Vocabulary,"University of California, Davis",SPECIALIZATION,4.6,Beginner,80k,https://www.coursera.org/
260,Learn to Program: The Fundamentals,University of Toronto,COURSE,4.8,Beginner,180k,https://www.coursera.org/
311,Learn to Speak Korean 1,Yonsei University,COURSE,4.9,Beginner,120k,https://www.coursera.org/
90,Learning to Teach Online,UNSW Sydney (The University of New South Wales),COURSE,4.7,Beginner,68k,https://www.coursera.org/
839,Legal Tech & Startups,IE Business School,COURSE,4.5,Intermediate,7.2k,https://www.coursera.org/
541,Les Fondamentaux de la Négociation,ESSEC Business School,COURSE,4.7,Beginner,10k,https://www.coursera.org/
699,Liderazgo efectivo para el siglo XXI,Universidad de los Andes,SPECIALIZATION,4.8,Intermediate,23k,https://www.coursera.org/
843,Linear Circuits 1: DC Analysis,Georgia Institute of Technology,COURSE,4.6,Mixed,29k,https://www.coursera.org/
769,Love as a Force for Social Justice,Stanford University,COURSE,4.7,Beginner,14k,https://www.coursera.org/
181,Machine Learning,University of Washington,SPECIALIZATION,4.6,Intermediate,290k,https://www.coursera.org/
6,Machine Learning,Stanford University,COURSE,4.9,Mixed,3.2m,https://www.coursera.org/
831,Machine Learning Foundations: A Case Study Approach,University of Washington,COURSE,4.6,Mixed,240k,https://www.coursera.org/
352,Machine Learning and Reinforcement Learning in Finance,New York University,SPECIALIZATION,3.7,Intermediate,29k,https://www.coursera.org/
585,Machine Learning for All,University of London,COURSE,4.6,Beginner,19k,https://www.coursera.org/
264,Machine Learning for Business Professionals,Google Cloud,COURSE,4.6,Intermediate,58k,https://www.coursera.org/
178,Machine Learning for Trading,Google Cloud,SPECIALIZATION,3.9,Intermediate,15k,https://www.coursera.org/
321,Machine Learning with Python,IBM,COURSE,4.7,Intermediate,120k,https://www.coursera.org/
125,Machine Learning with TensorFlow on Google Cloud Platform,Google Cloud,SPECIALIZATION,4.5,Intermediate,72k,https://www.coursera.org/
791,Magic in the Middle Ages,Universitat de Barcelona,COURSE,4.6,Beginner,78k,https://www.coursera.org/
435,Making Architecture,IE School of Architecture & Design,COURSE,4.7,Beginner,43k,https://www.coursera.org/
73,Management of Fashion and Luxury Companies,Università Bocconi,COURSE,4.7,Mixed,120k,https://www.coursera.org/
467,Managerial Accounting Fundamentals,University of Virginia,COURSE,4.9,Beginner,11k,https://www.coursera.org/
409,Managerial Economics and Business Analysis,University of Illinois at Urbana-Champaign,SPECIALIZATION,4.7,Beginner,55k,https://www.coursera.org/
91,Managing Innovation and Design Thinking,HEC Paris,SPECIALIZATION,4.7,Beginner,23k,https://www.coursera.org/
556,Managing Project Risks and Changes,"University of California, Irvine",COURSE,4.7,Mixed,71k,https://www.coursera.org/
558,Managing Social and Human Capital,University of Pennsylvania,COURSE,4.5,Beginner,27k,https://www.coursera.org/
796,Managing Your Health: The Role of Physical Therapy and Exercise,University of Toronto,COURSE,4.6,Beginner,47k,https://www.coursera.org/
380,Market Research,"University of California, Davis",SPECIALIZATION,4.5,Beginner,22k,https://www.coursera.org/
241,Marketing Digital,Universidade de São Paulo,COURSE,4.8,Beginner,81k,https://www.coursera.org/
325,Marketing Digital,Universidad Austral,SPECIALIZATION,4.7,Beginner,39k,https://www.coursera.org/
449,Marketing Gerencial,Universidad de Chile,COURSE,4.7,Intermediate,49k,https://www.coursera.org/
140,Marketing Mix Implementation,IE Business School,SPECIALIZATION,4.6,Beginner,93k,https://www.coursera.org/
211,Marketing Strategy,IE Business School,SPECIALIZATION,4.4,Beginner,57k,https://www.coursera.org/
669,Marketing Verde,Universidad de los Andes,COURSE,4.8,Mixed,58k,https://www.coursera.org/
367,Marketing con Redes Sociales,Tecnológico de Monterrey,SPECIALIZATION,4.4,Intermediate,60k,https://www.coursera.org/
310,Marketing in a Digital World,University of Illinois at Urbana-Champaign,COURSE,4.7,Beginner,310k,https://www.coursera.org/
550,Mastering Data Analysis in Excel,Duke University,COURSE,4.2,Mixed,280k,https://www.coursera.org/
575,Mastering Final Cut Pro,LearnQuest,COURSE,4.6,Beginner,8.4k,https://www.coursera.org/
563,Mastering Software Development in R,Johns Hopkins University,SPECIALIZATION,4.3,Beginner,52k,https://www.coursera.org/
840,Materials Science: 10 Things Every Engineer Should Know,"University of California, Davis",COURSE,4.7,Mixed,48k,https://www.coursera.org/
480,Mathematics for Data Science,National Research University Higher School of Economics,SPECIALIZATION,4.5,Beginner,12k,https://www.coursera.org/
55,Mathematics for Machine Learning,Imperial College London,SPECIALIZATION,4.6,Beginner,150k,https://www.coursera.org/
223,Mathematics for Machine Learning: Linear Algebra,Imperial College London,COURSE,4.7,Beginner,140k,https://www.coursera.org/
528,Mathematics for Machine Learning: Multivariate Calculus,Imperial College London,COURSE,4.7,Beginner,51k,https://www.coursera.org/
873,Mathematics for Machine Learning: PCA,Imperial College London,COURSE,4.0,Intermediate,33k,https://www.coursera.org/
335,Medical Cannabis: The Health Effects of THC and CBD,University of Colorado Boulder,SPECIALIZATION,4.8,Beginner,4.8k,https://www.coursera.org/
214,Medical Neuroscience,Duke University,COURSE,4.9,Advanced,170k,https://www.coursera.org/
258,Memoir and Personal Essay: Write About Yourself,Wesleyan University,SPECIALIZATION,4.3,Beginner,13k,https://www.coursera.org/
87,Methods and Statistics in Social Sciences,University of Amsterdam,SPECIALIZATION,4.6,Beginner,260k,https://www.coursera.org/
489,Microeconomics Principles,University of Illinois at Urbana-Champaign,COURSE,4.9,Beginner,73k,https://www.coursera.org/
464,Microeconomics: The Power of Markets,University of Pennsylvania,COURSE,4.7,Mixed,34k,https://www.coursera.org/
470,Mindshift: Break Through Obstacles to Learning and Discover Your Hidden Potential,McMaster University,COURSE,4.8,Beginner,230k,https://www.coursera.org/
517,Miracles of Human Language: An Introduction to Linguistics,Universiteit Leiden,COURSE,4.7,Beginner,120k,https://www.coursera.org/
505,Model Thinking,University of Michigan,COURSE,4.8,Mixed,130k,https://www.coursera.org/
706,Modeling Risk and Realities,University of Pennsylvania,COURSE,4.6,Mixed,36k,https://www.coursera.org/
101,Modern Art & Ideas,The Museum of Modern Art,COURSE,4.7,Beginner,310k,https://www.coursera.org/
296,Modern Big Data Analysis with SQL,Cloudera,SPECIALIZATION,4.8,Beginner,14k,https://www.coursera.org/
333,"Modern Robotics:  Mechanics, Planning, and Control",Northwestern University,SPECIALIZATION,4.7,Intermediate,21k,https://www.coursera.org/
523,Modernizing Data Lakes and Data Warehouses with GCP,Google Cloud,COURSE,4.7,Intermediate,9.1k,https://www.coursera.org/
176,Moral Foundations of Politics,Yale University,COURSE,4.8,Mixed,100k,https://www.coursera.org/
481,More Introduction to Financial Accounting,University of Pennsylvania,COURSE,4.9,Mixed,40k,https://www.coursera.org/
652,Mountains 101,University of Alberta,COURSE,4.9,Mixed,44k,https://www.coursera.org/
597,Municipal Solid Waste Management in Developing Countries,École Polytechnique Fédérale de Lausanne,COURSE,4.8,Intermediate,59k,https://www.coursera.org/
188,Music Business,Berklee College of Music,SPECIALIZATION,4.8,Beginner,42k,https://www.coursera.org/
784,Music Business Foundations,Berklee College of Music,COURSE,4.9,Mixed,34k,https://www.coursera.org/
94,Music Production,Berklee College of Music,SPECIALIZATION,4.8,Beginner,70k,https://www.coursera.org/
685,Nanotechnology: A Maker’s Course,Duke University,COURSE,4.8,Mixed,21k,https://www.coursera.org/
431,Natural Language Processing in TensorFlow,deeplearning.ai,COURSE,4.6,Intermediate,40k,https://www.coursera.org/
341,Negociación exitosa: Estrategias y habilidades esenciales (en español),University of Michigan,COURSE,4.8,Mixed,95k,https://www.coursera.org/
226,"Negotiation, Mediation and Conflict Resolution",ESSEC Business School,SPECIALIZATION,4.7,Beginner,22k,https://www.coursera.org/
842,Networking and Security Architecture with VMware NSX,VMware,COURSE,4.8,Intermediate,17k,https://www.coursera.org/
20,Networking in Google Cloud,Google Cloud,SPECIALIZATION,4.7,Intermediate,290k,https://www.coursera.org/
62,Neural Networks and Deep Learning,deeplearning.ai,COURSE,4.9,Intermediate,630k,https://www.coursera.org/
471,Neurolinguistics,Saint Petersburg State University,COURSE,4.7,Mixed,41k,https://www.coursera.org/
795,New Approaches to Countering Terror: Countering Violent Extremism,"University of Maryland, College Park",COURSE,4.7,Beginner,12k,https://www.coursera.org/
343,Newborn Baby Care,University of Colorado System,SPECIALIZATION,4.8,Beginner,5.3k,https://www.coursera.org/
252,Nutrición y obesidad: control de sobrepeso,Universidad Nacional Autónoma de México,COURSE,4.8,Beginner,100k,https://www.coursera.org/
535,Nutrition and Lifestyle in Pregnancy,Ludwig-Maximilians-Universität München (LMU),COURSE,4.8,Intermediate,35k,https://www.coursera.org/
255,Object Oriented Java Programming: Data Structures and Beyond,University of California San Diego,SPECIALIZATION,4.7,Intermediate,250k,https://www.coursera.org/
86,Object Oriented Programming in Java,Duke University,SPECIALIZATION,4.6,Beginner,330k,https://www.coursera.org/
510,Object-Oriented Data Structures in C++,University of Illinois at Urbana-Champaign,COURSE,4.7,Intermediate,21k,https://www.coursera.org/
887,Object-Oriented Design,University of Alberta,COURSE,4.7,Intermediate,33k,https://www.coursera.org/
323,Oil & Gas Industry Operations and Markets,Duke University,COURSE,4.8,Mixed,57k,https://www.coursera.org/
416,"Open Source Software Development, Linux and Git",The Linux Foundation,SPECIALIZATION,4.4,Beginner,13k,https://www.coursera.org/
316,Operating Systems and You: Becoming a Power User,Google,COURSE,4.6,Beginner,76k,https://www.coursera.org/
398,Operations Analytics,University of Pennsylvania,COURSE,4.7,Mixed,80k,https://www.coursera.org/
472,Optical Engineering,University of Colorado Boulder,SPECIALIZATION,4.2,Advanced,6.2k,https://www.coursera.org/
116,Organizational Leadership,Northwestern University,SPECIALIZATION,4.7,Intermediate,92k,https://www.coursera.org/
867,Osteoarchaeology: The Truth in Our Bones,Universiteit Leiden,COURSE,4.7,Beginner,22k,https://www.coursera.org/
765,Palliative Care: It's Not Just Hospice Anymore,University of Colorado System,SPECIALIZATION,4.8,Beginner,3.2k,https://www.coursera.org/
526,Palo Alto Networks Cybersecurity,Palo Alto Networks,SPECIALIZATION,4.6,Beginner,9.1k,https://www.coursera.org/
445,"Parallel, Concurrent, and Distributed Programming in Java",Rice University,SPECIALIZATION,4.5,Intermediate,30k,https://www.coursera.org/
872,Particle Physics: an Introduction,University of Geneva,COURSE,4.5,Mixed,42k,https://www.coursera.org/
309,Patient Safety,Johns Hopkins University,SPECIALIZATION,4.8,Beginner,8.8k,https://www.coursera.org/
810,Patrocinio Deportivo,Universitat Autònoma de Barcelona,COURSE,4.6,Beginner,12k,https://www.coursera.org/
362,People Analytics,University of Pennsylvania,COURSE,4.5,Mixed,84k,https://www.coursera.org/
665,Perfect Tenses and Modals,"University of California, Irvine",COURSE,4.7,Intermediate,79k,https://www.coursera.org/
668,Periodismo digital y combate a las fake news,Universidad Nacional Autónoma de México,COURSE,4.9,Beginner,8.9k,https://www.coursera.org/
105,Photography Basics and Beyond: From Smartphone to DSLR,Michigan State University,SPECIALIZATION,4.7,Beginner,160k,https://www.coursera.org/
503,Plant Bioinformatic Methods,University of Toronto,SPECIALIZATION,4.7,Beginner,83k,https://www.coursera.org/
477,Politics and Economics of International Energy,Sciences Po,COURSE,4.7,Beginner,34k,https://www.coursera.org/
216,Positive Psychiatry and Mental Health,The University of Sydney,COURSE,4.8,Mixed,72k,https://www.coursera.org/
291,Positive Psychology,The University of North Carolina at Chapel Hill,COURSE,4.7,Mixed,180k,https://www.coursera.org/
606,Positive Psychology: Applications and Interventions,University of Pennsylvania,COURSE,4.8,Beginner,23k,https://www.coursera.org/
240,Positive Psychology: Martin E. P. Seligman’s Visionary Science,University of Pennsylvania,COURSE,4.8,Beginner,50k,https://www.coursera.org/
646,Positive Psychology: Resilience Skills,University of Pennsylvania,COURSE,4.6,Beginner,40k,https://www.coursera.org/
348,Power Electronics,University of Colorado Boulder,SPECIALIZATION,4.8,Intermediate,67k,https://www.coursera.org/
320,Practical Data Science with MATLAB,MathWorks,SPECIALIZATION,4.7,Beginner,10k,https://www.coursera.org/
692,Practical Time Series Analysis,The State University of New York,COURSE,4.6,Intermediate,39k,https://www.coursera.org/
808,Preparing for the Google Cloud Associate Cloud Engineer Exam,Google Cloud,COURSE,4.7,Beginner,22k,https://www.coursera.org/
389,Preparing to Manage Human Resources,University of Minnesota,COURSE,4.8,Mixed,68k,https://www.coursera.org/
299,"Presentation Skills: Speechwriting, Slides and Delivery",E-Learning Development Fund,SPECIALIZATION,4.6,Beginner,47k,https://www.coursera.org/
215,Pricing Strategy Optimization,BCG,SPECIALIZATION,4.8,Beginner,20k,https://www.coursera.org/
57,Primeros Auxilios Psicológicos (PAP),Universitat Autònoma de Barcelona,COURSE,4.8,Mixed,280k,https://www.coursera.org/
114,Private Equity and Venture Capital,Università Bocconi,COURSE,4.8,Mixed,79k,https://www.coursera.org/
683,Probabilistic Graphical Models 1: Representation,Stanford University,COURSE,4.7,Advanced,68k,https://www.coursera.org/
715,Probability and Statistics: To p or not to p?,University of London,COURSE,4.6,Beginner,36k,https://www.coursera.org/
626,Process Mining: Data science in Action,Eindhoven University of Technology,COURSE,4.8,Intermediate,39k,https://www.coursera.org/
364,"Programming Foundations with JavaScript, HTML and CSS",Duke University,COURSE,4.6,Beginner,250k,https://www.coursera.org/
732,Programming Fundamentals,Duke University,COURSE,4.7,Beginner,19k,https://www.coursera.org/
47,Programming for Everybody (Getting Started with Python),University of Michigan,COURSE,4.8,Mixed,1.3m,https://www.coursera.org/
208,Programming with Google Go,"University of California, Irvine",SPECIALIZATION,4.6,Intermediate,18k,https://www.coursera.org/
731,Project Execution,"University of California, Irvine",COURSE,4.2,Beginner,70k,https://www.coursera.org/
284,Project Launch,"University of California, Irvine",COURSE,4.7,Beginner,190k,https://www.coursera.org/
31,Project Management & Other Tools for Career Development,"University of California, Irvine",SPECIALIZATION,4.6,Beginner,440k,https://www.coursera.org/
30,Project Management Principles and Practices,"University of California, Irvine",SPECIALIZATION,4.7,Beginner,230k,https://www.coursera.org/
37,Psychological First Aid,Johns Hopkins University,COURSE,4.8,Mixed,190k,https://www.coursera.org/
424,Public Policy Challenges of the 21st Century,University of Virginia,COURSE,4.6,Beginner,52k,https://www.coursera.org/
279,Python Basics,University of Michigan,COURSE,4.8,Beginner,110k,https://www.coursera.org/
869,Python Classes and Inheritance,University of Michigan,COURSE,4.7,Intermediate,21k,https://www.coursera.org/
111,Python Data Structures,University of Michigan,COURSE,4.9,Mixed,420k,https://www.coursera.org/
555,"Python Functions, Files, and Dictionaries",University of Michigan,COURSE,4.8,Beginner,26k,https://www.coursera.org/
374,Python and Statistics for Financial Analysis,The Hong Kong University of Science and Technology,COURSE,4.4,Intermediate,41k,https://www.coursera.org/
152,Python for Data Science and AI,IBM,COURSE,4.6,Beginner,170k,https://www.coursera.org/
3,Python for Everybody,University of Michigan,SPECIALIZATION,4.8,Beginner,1.5m,https://www.coursera.org/
823,Quantitative Methods,University of Amsterdam,COURSE,4.7,Mixed,69k,https://www.coursera.org/
827,Queering Identities: LGBTQ+ Sexuality and Gender Identity,University of Colorado System,COURSE,4.9,Beginner,3k,https://www.coursera.org/
317,R Programming,Johns Hopkins University,COURSE,4.6,Intermediate,480k,https://www.coursera.org/
771,"Ready, Set, Future! Introduction to Futures Thinking",Institute for the Future,COURSE,4.8,Beginner,7.7k,https://www.coursera.org/
553,Recommender Systems,University of Minnesota,SPECIALIZATION,4.3,Intermediate,29k,https://www.coursera.org/
658,"Recruiting, Hiring, and Onboarding Employees",University of Minnesota,COURSE,4.7,Mixed,35k,https://www.coursera.org/
82,Reinforcement Learning,University of Alberta,SPECIALIZATION,4.7,Intermediate,23k,https://www.coursera.org/
532,Renewable Energy and Green Building Entrepreneurship,Duke University,COURSE,4.7,Beginner,24k,https://www.coursera.org/
634,Reporting extra-financier et stratégie RSE,ESSEC Business School,COURSE,4.7,Beginner,5.2k,https://www.coursera.org/
868,Requirements Engineering: Secure Software  Specifications,University of Colorado System,SPECIALIZATION,4.6,Beginner,7.2k,https://www.coursera.org/
876,Research Data Management and Sharing,The University of Edinburgh,COURSE,4.6,Mixed,16k,https://www.coursera.org/
622,"Resilience in Children Exposed to Trauma, Disaster and War: Global Perspectives",University of Minnesota,COURSE,4.8,Mixed,15k,https://www.coursera.org/
289,Responsive Website Development and Design,"Goldsmiths, University of London",SPECIALIZATION,4.5,Beginner,170k,https://www.coursera.org/
414,Rethinking International Tax Law,Universiteit Leiden,COURSE,4.9,Mixed,36k,https://www.coursera.org/
386,Revisão Sistemática e Meta-análise,Universidade Estadual de Campinas,COURSE,4.9,Intermediate,17k,https://www.coursera.org/
315,Robotics,University of Pennsylvania,SPECIALIZATION,4.4,Beginner,120k,https://www.coursera.org/
632,Roman Architecture,Yale University,COURSE,4.9,Beginner,30k,https://www.coursera.org/
833,Russian Alphabet,Saint Petersburg State University,COURSE,4.7,Beginner,3.2k,https://www.coursera.org/
180,Russian for beginners А1. Русский язык: A1,Saint Petersburg State University,SPECIALIZATION,4.7,Beginner,7k,https://www.coursera.org/
331,Réussir le Changement,ESSEC Business School,COURSE,4.5,Mixed,33k,https://www.coursera.org/
160,SAS Programmer,SAS,PROFESSIONAL CERTIFICATE,4.8,Beginner,370k,https://www.coursera.org/
393,SAS Visual Business Analytics,SAS,PROFESSIONAL CERTIFICATE,4.6,Beginner,2.6k,https://www.coursera.org/
332,SQL for Data Science,"University of California, Davis",COURSE,4.6,Beginner,160k,https://www.coursera.org/
601,Sales Operations/Management,West Virginia University,SPECIALIZATION,4.4,Beginner,5.6k,https://www.coursera.org/
781,Sales Training for High Performing Teams,HubSpot Academy,SPECIALIZATION,4.7,Beginner,16k,https://www.coursera.org/
763,Sample-based Learning Methods,University of Alberta,COURSE,4.8,Intermediate,6.8k,https://www.coursera.org/
860,Scaling Operations: Linking Strategy and Execution,Northwestern University,COURSE,4.5,Mixed,12k,https://www.coursera.org/
368,School Health for Children and Adolescents,University of Colorado System,SPECIALIZATION,4.8,Beginner,9.1k,https://www.coursera.org/
121,Science of Exercise,University of Colorado Boulder,COURSE,4.8,Beginner,140k,https://www.coursera.org/
629,Search Engine Optimization Fundamentals,"University of California, Davis",COURSE,4.7,Mixed,47k,https://www.coursera.org/
836,Secure Coding Practices,"University of California, Davis",SPECIALIZATION,4.4,Intermediate,6.4k,https://www.coursera.org/
712,Security & Safety Challenges in a Globalized World,Universiteit Leiden,COURSE,4.7,Beginner,14k,https://www.coursera.org/
19,Security in Google Cloud Platform,Google Cloud,SPECIALIZATION,4.7,Intermediate,300k,https://www.coursera.org/
154,Self-Driving Cars,University of Toronto,SPECIALIZATION,4.7,Advanced,39k,https://www.coursera.org/
285,Sequence Models,deeplearning.ai,COURSE,4.8,Intermediate,14k,https://www.coursera.org/
772,Sexualidad...mucho más que sexo,Universidad de los Andes,COURSE,4.8,Beginner,110k,https://www.coursera.org/
695,Sharpened Visions: A Poetry Workshop,California Institute of the Arts,COURSE,4.7,Beginner,61k,https://www.coursera.org/
304,Site Reliability Engineering: Measuring and Managing Reliability,Google Cloud,COURSE,4.5,Advanced,16k,https://www.coursera.org/
167,Six Sigma Green Belt,University System of Georgia,SPECIALIZATION,4.7,Intermediate,18k,https://www.coursera.org/
792,Six Sigma and the Organization (Advanced),University System of Georgia,COURSE,4.7,Intermediate,15k,https://www.coursera.org/
814,"Sleep: Neurobiology, Medicine, and Society",University of Michigan,COURSE,4.8,Beginner,20k,https://www.coursera.org/
660,Smart Cities – Management of Smart Urban Infrastructures,École Polytechnique Fédérale de Lausanne,COURSE,4.6,Beginner,22k,https://www.coursera.org/
817,Social Entrepreneurship,Copenhagen Business School,SPECIALIZATION,4.6,Beginner,13k,https://www.coursera.org/
49,Social Media Marketing,Northwestern University,SPECIALIZATION,4.6,Beginner,130k,https://www.coursera.org/
440,"Social Norms, Social Change I",University of Pennsylvania,COURSE,4.6,Beginner,78k,https://www.coursera.org/
574,Social Policy for Social Services & Health Practitioners,Columbia University,SPECIALIZATION,4.8,Beginner,4.2k,https://www.coursera.org/
83,Social Psychology,Wesleyan University,COURSE,4.7,Beginner,220k,https://www.coursera.org/
506,Social and Economic Networks:  Models and Analysis,Stanford University,COURSE,4.8,Advanced,42k,https://www.coursera.org/
186,Software Design and Architecture,University of Alberta,SPECIALIZATION,4.6,Beginner,60k,https://www.coursera.org/
402,Software Development Lifecycle,University of Minnesota,SPECIALIZATION,4.6,Intermediate,34k,https://www.coursera.org/
859,Software Processes and Agile Practices,University of Alberta,COURSE,4.7,Mixed,60k,https://www.coursera.org/
64,Software Product Management,University of Alberta,SPECIALIZATION,4.6,Beginner,110k,https://www.coursera.org/
515,Solar Energy Basics,The State University of New York,COURSE,4.8,Beginner,17k,https://www.coursera.org/
600,Songwriting: Writing the Lyrics,Berklee College of Music,COURSE,4.8,Beginner,68k,https://www.coursera.org/
363,Soporte de Tecnologías de la Información de Google,Crece con Google,PROFESSIONAL CERTIFICATE,4.9,Beginner,8.8k,https://www.coursera.org/
754,Spacecraft Dynamics and Control,University of Colorado Boulder,SPECIALIZATION,4.8,Advanced,12k,https://www.coursera.org/
504,Spanish Vocabulary: Meeting People,"University of California, Davis",COURSE,4.6,Beginner,71k,https://www.coursera.org/
334,"Speak English Professionally: In Person, Online & On the Phone",Georgia Institute of Technology,COURSE,4.6,Mixed,430k,https://www.coursera.org/
200,Sports Marketing,Northwestern University,COURSE,4.7,Intermediate,12k,https://www.coursera.org/
580,Sports and Society,Duke University,COURSE,4.8,Mixed,16k,https://www.coursera.org/
68,Stanford Introduction to Food and Health,Stanford University,COURSE,4.7,Beginner,370k,https://www.coursera.org/
680,Stanford's Short Course on Breastfeeding,Stanford University,COURSE,4.7,Beginner,17k,https://www.coursera.org/
170,Statistical Analysis with R for Public Health,Imperial College London,SPECIALIZATION,4.7,Beginner,16k,https://www.coursera.org/
127,Statistics with Python,University of Michigan,SPECIALIZATION,4.6,Beginner,34k,https://www.coursera.org/
84,Statistics with R,Duke University,SPECIALIZATION,4.7,Beginner,220k,https://www.coursera.org/
657,Stories of Infection,Stanford University,COURSE,4.9,Intermediate,28k,https://www.coursera.org/
648,Strategic Business Analytics,ESSEC Business School,SPECIALIZATION,4.3,Advanced,60k,https://www.coursera.org/
822,Strategic Business Management - Microeconomics,"University of California, Irvine",COURSE,4.7,Beginner,9.5k,https://www.coursera.org/
93,Strategic Leadership and Management,University of Illinois at Urbana-Champaign,SPECIALIZATION,4.7,Beginner,100k,https://www.coursera.org/
801,Strategic Management,Copenhagen Business School,COURSE,4.7,Mixed,58k,https://www.coursera.org/
202,Strategic Management and Innovation,Copenhagen Business School,SPECIALIZATION,4.7,Beginner,68k,https://www.coursera.org/
592,Strategic Sales Management,Fundação Instituto de Administração,SPECIALIZATION,4.5,Intermediate,9.2k,https://www.coursera.org/
798,Strategising: Management for Global Competitive Advantage,Macquarie University,SPECIALIZATION,4.8,Intermediate,30k,https://www.coursera.org/
749,Strategy and Sustainability,IESE Business School,COURSE,4.6,Beginner,11k,https://www.coursera.org/
189,Structuring Machine Learning Projects,deeplearning.ai,COURSE,4.8,Beginner,220k,https://www.coursera.org/
455,Success,University of Pennsylvania,COURSE,4.8,Beginner,38k,https://www.coursera.org/
40,Successful Negotiation: Essential Strategies and Skills,University of Michigan,COURSE,4.8,Mixed,750k,https://www.coursera.org/
588,Summary Statistics in Public Health,Johns Hopkins University,COURSE,4.8,Beginner,11k,https://www.coursera.org/
483,Supply Chain Analytics,Rutgers the State University of New Jersey,COURSE,4.7,Beginner,7.9k,https://www.coursera.org/
432,Supply Chain Finance and Blockchain Technology,New York Institute of Finance,SPECIALIZATION,4.6,Intermediate,4.9k,https://www.coursera.org/
384,Supply Chain Logistics,Rutgers the State University of New Jersey,COURSE,4.7,Beginner,66k,https://www.coursera.org/
50,Supply Chain Management,Rutgers the State University of New Jersey,SPECIALIZATION,4.7,Beginner,82k,https://www.coursera.org/
760,Supply Chain Operations,Rutgers the State University of New Jersey,COURSE,4.8,Beginner,24k,https://www.coursera.org/
306,Supply Chain Principles,Georgia Institute of Technology,COURSE,4.6,Mixed,29k,https://www.coursera.org/
328,Supporting children with difficulties in reading and writing,UCL Institute of Education,COURSE,4.8,Mixed,50k,https://www.coursera.org/
344,Survey Data Collection and Analytics,"University of Maryland, College Park",SPECIALIZATION,4.3,Beginner,45k,https://www.coursera.org/
583,Sustainable Tourism – promoting environmental public health,University of Copenhagen,COURSE,4.6,Beginner,9.4k,https://www.coursera.org/
387,Swift 5 iOS Application Developer,LearnQuest,SPECIALIZATION,4.5,Beginner,3.9k,https://www.coursera.org/
403,System Administration and IT Infrastructure Services,Google,COURSE,4.7,Beginner,62k,https://www.coursera.org/
484,Systems Biology and Biotechnology,Icahn School of Medicine at Mount Sinai,SPECIALIZATION,4.4,Intermediate,48k,https://www.coursera.org/
647,Systems Thinking In Public Health,Johns Hopkins University,COURSE,4.9,Mixed,33k,https://www.coursera.org/
67,"TESOL Certificate, Part 1: Teach English Now!",Arizona State University,SPECIALIZATION,4.9,Beginner,100k,https://www.coursera.org/
234,"TESOL Certificate, Part 2: Teach English Now!",Arizona State University,SPECIALIZATION,4.9,Beginner,62k,https://www.coursera.org/
559,Teach English Now! Foundational Principles,Arizona State University,COURSE,4.9,Mixed,81k,https://www.coursera.org/
807,Teach English Now! Teaching Language Online,Arizona State University,COURSE,4.4,Intermediate,8.5k,https://www.coursera.org/
788,Teaching Character and Creating Positive Classrooms,Relay Graduate School of Education,COURSE,4.8,Mixed,53k,https://www.coursera.org/
466,Teamwork Skills: Communicating Effectively in Groups,University of Colorado Boulder,COURSE,4.8,Beginner,49k,https://www.coursera.org/
41,Technical Support Fundamentals,Google,COURSE,4.8,Beginner,280k,https://www.coursera.org/
27,TensorFlow in Practice,deeplearning.ai,SPECIALIZATION,4.7,Intermediate,170k,https://www.coursera.org/
217,TensorFlow: Data and Deployment,deeplearning.ai,SPECIALIZATION,4.5,Intermediate,12k,https://www.coursera.org/
298,Terrorism and Counterterrorism: Comparing Theory and Practice,Universiteit Leiden,COURSE,4.8,Beginner,90k,https://www.coursera.org/
460,The Addicted Brain,Emory University,COURSE,4.6,Beginner,130k,https://www.coursera.org/
507,The Art of Music Production,Berklee College of Music,COURSE,4.8,Intermediate,47k,https://www.coursera.org/
133,The Art of Sales: Mastering the Selling Process,Northwestern University,SPECIALIZATION,4.7,Beginner,23k,https://www.coursera.org/
375,The Arts and Science of Relationships: Understanding Human Needs,University of Toronto,COURSE,4.5,Beginner,73k,https://www.coursera.org/
135,The Bits and Bytes of Computer Networking,Google,COURSE,4.7,Beginner,130k,https://www.coursera.org/
65,The Business of Health Care,University of Pennsylvania,SPECIALIZATION,4.6,Beginner,22k,https://www.coursera.org/
97,The Business of Music Production,Berklee College of Music,SPECIALIZATION,4.8,Beginner,84k,https://www.coursera.org/
768,The Changing Global Order,Universiteit Leiden,COURSE,4.7,Intermediate,23k,https://www.coursera.org/
759,The Cycle: Management of Successful Arts and Cultural Organizations,"University of Maryland, College Park",COURSE,4.8,Beginner,11k,https://www.coursera.org/
81,The DIY Musician,Berklee College of Music,SPECIALIZATION,4.8,Beginner,120k,https://www.coursera.org/
243,The Data Scientist’s Toolbox,Johns Hopkins University,COURSE,4.6,Mixed,420k,https://www.coursera.org/
864,The Economics of Health Care Delivery,University of Pennsylvania,COURSE,4.8,Mixed,7.2k,https://www.coursera.org/
274,The Global Financial Crisis,Yale University,COURSE,4.8,Mixed,84k,https://www.coursera.org/
587,The Horse Course: Introduction to Basic Care and Management,University of Florida,COURSE,4.9,Mixed,29k,https://www.coursera.org/
282,The Manager's Toolkit: A Practical Guide to Managing People at Work,"Birkbeck, University of London",COURSE,4.6,Mixed,47k,https://www.coursera.org/
357,"The Modern World, Part One: Global History from 1760 to 1910",University of Virginia,COURSE,4.8,Beginner,130k,https://www.coursera.org/
671,"The Modern World, Part Two: Global History since 1910",University of Virginia,COURSE,4.8,Beginner,47k,https://www.coursera.org/
576,The Oral Cavity: Portal to Health and Disease,University of Pennsylvania,COURSE,4.9,Intermediate,9.4k,https://www.coursera.org/
272,The Power of Macroeconomics: Economic Principles in the Real World,"University of California, Irvine",COURSE,4.6,Mixed,180k,https://www.coursera.org/
534,The Power of Microeconomics: Economic Principles in the Real World,"University of California, Irvine",COURSE,4.7,Mixed,120k,https://www.coursera.org/
826,The Pronunciation of American English,"University of California, Irvine",SPECIALIZATION,4.6,Beginner,1.7k,https://www.coursera.org/
818,The Science of Gastronomy,The Hong Kong University of Science and Technology,COURSE,4.6,Mixed,50k,https://www.coursera.org/
690,The Science of Stem Cells,American Museum of Natural History,COURSE,4.7,Intermediate,12k,https://www.coursera.org/
696,The Science of Success: What Researchers Know that You Should Know,University of Michigan,COURSE,4.8,Beginner,59k,https://www.coursera.org/
524,The Science of Training Young Athletes,University of Florida,COURSE,4.9,Beginner,13k,https://www.coursera.org/
2,The Science of Well-Being,Yale University,COURSE,4.9,Mixed,2.5m,https://www.coursera.org/
118,The Singer Songwriter,Berklee College of Music,SPECIALIZATION,4.8,Beginner,320k,https://www.coursera.org/
677,The Social Context of Mental Health and Illness,University of Toronto,COURSE,4.6,Mixed,19k,https://www.coursera.org/
138,The Strategy of Content Marketing,"University of California, Davis",COURSE,4.5,Intermediate,100k,https://www.coursera.org/
361,"The Sustainable Development Goals – A global, transdisciplinary vision for the future",University of Copenhagen,COURSE,4.8,Beginner,26k,https://www.coursera.org/
459,The Teacher and Social and Emotional Learning (SEL),University of Colorado Boulder,SPECIALIZATION,4.7,Beginner,5.2k,https://www.coursera.org/
666,The Technology of Music Production,Berklee College of Music,COURSE,4.8,Beginner,28k,https://www.coursera.org/
616,The Truth About Cats and Dogs,The University of Edinburgh,COURSE,4.7,Mixed,33k,https://www.coursera.org/
716,The hidden value – Lean in manufacturing and services,École des Ponts ParisTech,COURSE,4.7,Beginner,14k,https://www.coursera.org/
584,Think Again I: How to Understand Arguments,Duke University,COURSE,4.6,Beginner,200k,https://www.coursera.org/
146,Tools for Data Science,IBM,COURSE,4.6,Beginner,120k,https://www.coursera.org/
220,Trading Strategies in Emerging Markets,Indian School of Business,SPECIALIZATION,4.3,Beginner,68k,https://www.coursera.org/
529,"Transmedia Storytelling: Narrative worlds, emerging technologies, and global audiences",UNSW Sydney (The University of New South Wales),COURSE,4.8,Mixed,45k,https://www.coursera.org/
530,Tricky American English Pronunciation,"University of California, Irvine",COURSE,4.7,Beginner,110k,https://www.coursera.org/
438,Troubles du spectre de l'autisme : diagnostic,University of Geneva,COURSE,4.9,Intermediate,5.4k,https://www.coursera.org/
245,U.S. Federal Taxation,University of Illinois at Urbana-Champaign,SPECIALIZATION,4.8,Intermediate,12k,https://www.coursera.org/
153,UCI Project Management,"University of California, Irvine",PROFESSIONAL CERTIFICATE,4.6,Beginner,44k,https://www.coursera.org/
46,UI / UX Design,California Institute of the Arts,SPECIALIZATION,4.7,Beginner,68k,https://www.coursera.org/
595,UX Design Fundamentals,California Institute of the Arts,COURSE,4.8,Beginner,25k,https://www.coursera.org/
676,Understanding Cancer Metastasis,Johns Hopkins University,COURSE,4.8,Beginner,29k,https://www.coursera.org/
353,Understanding Clinical Research: Behind the Statistics,University of Cape Town,COURSE,4.8,Mixed,78k,https://www.coursera.org/
500,Understanding Einstein: The Special Theory of Relativity,Stanford University,COURSE,4.9,Beginner,89k,https://www.coursera.org/
173,Understanding Medical Research: Your Facebook Friend is Wrong,Yale University,COURSE,4.8,Beginner,24k,https://www.coursera.org/
886,Understanding Modern Finance,American Institute of Business and Economics,SPECIALIZATION,4.4,Intermediate,11k,https://www.coursera.org/
746,Understanding Plants - Part I: What a Plant Knows,Tel Aviv University,COURSE,4.8,Beginner,49k,https://www.coursera.org/
261,Understanding Research Methods,SOAS University of London,COURSE,4.5,Mixed,120k,https://www.coursera.org/
465,Understanding and Visualizing Data with Python,University of Michigan,COURSE,4.7,Beginner,30k,https://www.coursera.org/
249,Understanding the Brain: The Neurobiology of Everyday Life,The University of Chicago,COURSE,4.9,Beginner,130k,https://www.coursera.org/
865,Unity Certified Programmer Exam Preparation,Unity,SPECIALIZATION,4.5,Intermediate,6.1k,https://www.coursera.org/
618,Unity XR: How to Build AR and VR Apps,Unity,SPECIALIZATION,4.2,Beginner,12k,https://www.coursera.org/
882,University Teaching,The University of Hong Kong,COURSE,4.8,Beginner,9.5k,https://www.coursera.org/
638,Unraveling the Cycling City,University of Amsterdam,COURSE,4.9,Intermediate,3.9k,https://www.coursera.org/
117,User Experience Research and Design,University of Michigan,SPECIALIZATION,4.8,Beginner,23k,https://www.coursera.org/
614,User Interface Design,University of Minnesota,SPECIALIZATION,4.6,Intermediate,43k,https://www.coursera.org/
350,Using Databases with Python,University of Michigan,COURSE,4.8,Mixed,220k,https://www.coursera.org/
199,Using Python to Access Web Data,University of Michigan,COURSE,4.8,Mixed,310k,https://www.coursera.org/
603,Using Python to Interact with the Operating System,Google,COURSE,4.7,Beginner,19k,https://www.coursera.org/
262,Value Chain Management,University of Illinois at Urbana-Champaign,SPECIALIZATION,4.7,Intermediate,63k,https://www.coursera.org/
589,Version Control with Git,Atlassian,COURSE,4.8,Mixed,40k,https://www.coursera.org/
71,Viral Marketing and How to Craft Contagious Content,University of Pennsylvania,COURSE,4.7,Mixed,150k,https://www.coursera.org/
407,Virtual Reality,"Goldsmiths, University of London",SPECIALIZATION,4.7,Beginner,37k,https://www.coursera.org/
297,Virtual Teacher,"University of California, Irvine",SPECIALIZATION,4.3,Beginner,23k,https://www.coursera.org/
185,Vital Signs: Understanding What the Body Is Telling Us,University of Pennsylvania,COURSE,4.8,Mixed,190k,https://www.coursera.org/
182,Web Applications for Everybody,University of Michigan,SPECIALIZATION,4.8,Intermediate,120k,https://www.coursera.org/
42,Web Design for Everybody: Basics of Web Development & Coding,University of Michigan,SPECIALIZATION,4.7,Beginner,280k,https://www.coursera.org/
354,Weight Management: Beyond Balancing Calories,Emory University,COURSE,4.7,Beginner,34k,https://www.coursera.org/
144,What Is Contemporary Art?,The Museum of Modern Art,COURSE,4.7,Beginner,120k,https://www.coursera.org/
829,What future for education?,UCL Institute of Education,COURSE,4.7,Mixed,35k,https://www.coursera.org/
543,What is Compliance?,University of Pennsylvania,COURSE,4.8,Mixed,6.2k,https://www.coursera.org/
88,What is Data Science?,IBM,COURSE,4.7,Beginner,260k,https://www.coursera.org/
379,What is Social?,Northwestern University,COURSE,4.6,Mixed,94k,https://www.coursera.org/
232,Wine Tasting: Sensory Techniques for Wine Analysis,"University of California, Davis",COURSE,4.7,Beginner,32k,https://www.coursera.org/
787,Wonders of Ancient Egypt,University of Pennsylvania,COURSE,4.8,Intermediate,17k,https://www.coursera.org/
619,Write A Feature Length Screenplay For Film Or Television,Michigan State University,COURSE,4.9,Beginner,12k,https://www.coursera.org/
213,Write Professional Emails in English,Georgia Institute of Technology,COURSE,4.7,Mixed,270k,https://www.coursera.org/
684,Write Your First Novel,Michigan State University,COURSE,4.4,Beginner,18k,https://www.coursera.org/
69,Writing in the Sciences,Stanford University,COURSE,4.9,Beginner,140k,https://www.coursera.org/
359,e-Learning Ecologies: Innovative Approaches to Teaching and Learning for the Digital Age,University of Illinois at Urbana-Champaign,COURSE,4.5,Mixed,17k,https://www.coursera.org/
779,iOS App Development with Swift,University of Toronto,SPECIALIZATION,3.9,Intermediate,76k,https://www.coursera.org/
858,¿Qué hacen los buenos directivos? Prioridades de la Alta Dirección,IESE Business School,COURSE,4.7,Beginner,25k,https://www.coursera.org/
191,Étudier en France: French Intermediate course B1-B2,École Polytechnique,COURSE,4.8,Intermediate,190k,https://www.coursera.org/
607,Éxito Profesional,"University of California, Irvine",SPECIALIZATION,4.5,Beginner,69k,https://www.coursera.org/
492,Искусство ведения бизнеса,Saint Petersburg State University,SPECIALIZATION,4.6,Beginner,14k,https://www.coursera.org/
156,Искусство разработки на современном C++,E-Learning Development Fund,SPECIALIZATION,4.9,Intermediate,68k,https://www.coursera.org/
722,Корпоративные финансы и стоимость компании,National Research University Higher School of Economics,SPECIALIZATION,4.5,Beginner,16k,https://www.coursera.org/
811,Математика и Python для анализа данных,E-Learning Development Fund,COURSE,4.8,Beginner,67k,https://www.coursera.org/
132,Машинное обучение и анализ данных,E-Learning Development Fund,SPECIALIZATION,4.7,Intermediate,77k,https://www.coursera.org/
405,Основы Digital Маркетинга,National Research University Higher School of Economics,SPECIALIZATION,4.5,Intermediate,19k,https://www.coursera.org/
703,Основы программирования на Python,National Research University Higher School of Economics,COURSE,4.6,Beginner,83k,https://www.coursera.org/
841,Основы разработки на C++: белый пояс,E-Learning Development Fund,COURSE,4.9,Intermediate,41k,https://www.coursera.org/
889,Погружение в Python,Moscow Institute of Physics and Technology,COURSE,4.7,Intermediate,45k,https://www.coursera.org/
236,Программирование на Python,Mail.Ru Group,SPECIALIZATION,4.5,Intermediate,52k,https://www.coursera.org/
883,Психолингвистика (Psycholinguistics),Saint Petersburg State University,COURSE,4.8,Mixed,21k,https://www.coursera.org/
545,Разработка интерфейсов: вёрстка и JavaScript,E-Learning Development Fund,SPECIALIZATION,4.5,Intermediate,30k,https://www.coursera.org/
875,Русский как иностранный,Saint Petersburg State University,SPECIALIZATION,4.6,Intermediate,9.8k,https://www.coursera.org/
163,Финансовые инструменты для частного инвестора,National Research University Higher School of Economics,SPECIALIZATION,4.7,Beginner,38k,https://www.coursera.org/
